itemid,warehouseid,Total_sqft,totalqty_noofbags,total_weight,storagemode,weightstored_persqft
Kollu 50kgs,A,6250.0,271.0,13690.0,In Weight,2.1904
Kollu 50kgs,A,6250.0,254.0,12785.0,In Weight,2.0456
Paakku 45kgs,A,6250.0,12.0,600.0,In Weight,0.096
Paakku 45kgs,A,6250.0,16.0,800.0,In Weight,0.128
Solam 50kgs,B,2750.0,45.0,2250.0,In Weight,0.8181818181818182
sundal 50kgs,C,3750.0,60.0,3005.0,In Weight,0.8013333333333333
Kottaipuli,C,3750.0,210.0,11400.0,In Weight,3.04
Kottaipuli,C,3750.0,46.0,2415.0,In Weight,0.644
sundal 50kgs,D,8000.0,400.0,20200.0,In Weight,2.525
Kollu 50kgs,A,6250.0,210.0,10520.0,In Weight,1.6832
Thattaipairu 50kg,B ,2750.0,50.0,2500.0,In Weight,0.9090909090909091
sarugupuli 30kg,B ,2750.0,81.0,2430.0,In Weight,0.8836363636363637
OTTU PULI NEW,C ,3750.0,250.0,10110.0,In Weight,2.696
Kottaipuli,B ,2750.0,246.0,15215.0,In Weight,5.532727272727273
OTTU PULI NEW,C ,3750.0,350.0,14210.0,In Weight,3.7893333333333334
Thosaipuli 50kgs,B ,2750.0,40.0,2000.0,In Weight,0.7272727272727273
Kottaipuli,B ,2750.0,328.0,16480.0,In Weight,5.992727272727273
OTTU PULI NEW,A ,6250.0,350.0,14480.0,In Weight,2.3168
Kollu 50kgs,B ,2750.0,215.0,10840.0,In Weight,3.941818181818182
OTTU PULI NEW,C ,3750.0,250.0,10315.0,In Weight,2.7506666666666666
Kollu 50kgs,E ,8250.0,220.0,11115.0,In Weight,1.3472727272727272
Kollu 50kgs,E ,8250.0,280.0,14140.0,In Weight,1.7139393939393939
OTTU PULI NEW,C ,3750.0,350.0,14120.0,In Weight,3.7653333333333334
Kottaipuli,B ,2750.0,321.0,16225.0,In Weight,5.9
Kottaipuli,B ,2750.0,150.0,7700.0,In Weight,2.8
Kottaipuli,C ,3750.0,251.0,15210.0,In Weight,4.056
Kottaipuli,A ,6250.0,228.0,13350.0,In Weight,2.136
Kottaipuli,A ,6250.0,147.0,8840.0,In Weight,1.4144
Kottaipuli,C ,3750.0,46.0,2470.0,In Weight,0.6586666666666666
Milagai Vathal New,D ,8000.0,132.0,2235.0,In Weight,0.279375
Milagai Vathal New,D,8000.0,51.0,1030.0,In Weight,0.12875
Milagai Vathal New,D,8000.0,90.0,1560.0,In Weight,0.195
Milagai Vathal New,E,8250.0,115.0,1985.0,In Weight,0.2406060606060606
Pasi payar,E,8250.0,200.0,10070.0,In Weight,1.2206060606060607
Pasi payar,E,8250.0,140.0,7050.0,In Weight,0.8545454545454545
Pasi payar,E,8250.0,160.0,8055.0,In Weight,0.9763636363636363
Sarugupuli 10kgs,B,2750.0,130.0,1300.0,In Weight,0.4727272727272727
Kottaipuli,E,8250.0,360.0,18260.0,In Weight,2.2133333333333334
Thosaipuli 50kgs,B,2750.0,47.0,2350.0,In Weight,0.8545454545454545
OTTU PULI NEW,D,8000.0,349.0,14145.0,In Weight,1.768125
Kottaipuli,A,6250.0,119.0,6500.0,In Weight,1.04
OTTU PULI NEW,D,8000.0,350.0,14495.0,In Weight,1.811875
Milagai Vathal New,E,8250.0,90.0,1540.0,In Weight,0.18666666666666668
Kottaipuli,C,3750.0,90.0,5435.0,In Weight,1.4493333333333334
Kottaipuli,C,3750.0,46.0,2580.0,In Weight,0.688
Pasi payar,C,3750.0,200.0,10040.0,In Weight,2.6773333333333333
Pasi payar,C,3750.0,160.0,8030.0,In Weight,2.1413333333333333
Pasi payar,C,3750.0,140.0,7035.0,In Weight,1.876
Kottaipuli,C,3750.0,329.0,19965.0,In Weight,5.324
Kollu 50kgs,B,2750.0,140.0,7045.0,In Weight,2.561818181818182
Kottaipuli,A,6250.0,200.0,12165.0,In Weight,1.9464
Kottaipuli,C,3750.0,235.0,14115.0,In Weight,3.764
Kottaipuli,B,2750.0,101.0,5745.0,In Weight,2.089090909090909
Kollu 50kgs,B,2750.0,23.0,1150.0,In Weight,0.41818181818181815
Kottaipuli,B,2750.0,90.0,3980.0,In Weight,1.4472727272727273
Kottaipuli,B,2750.0,60.0,3075.0,In Weight,1.1181818181818182
mosai50kgs,B,2750.0,225.0,11295.0,In Weight,4.107272727272727
Kollu 50kgs,A,6250.0,432.0,21865.0,In Weight,3.4984
Kottaipuli,B,2750.0,121.0,6065.0,In Weight,2.2054545454545456
Kottaipuli,C,3750.0,229.0,11710.0,In Weight,3.1226666666666665
Kollu 50kgs,C,3750.0,300.0,15115.0,In Weight,4.030666666666667
Thuvaram Paruppu 50kg,D,8000.0,340.0,17145.0,In Weight,2.143125
Sarugupuli 10kgs,B,2750.0,63.0,630.0,In Weight,0.2290909090909091
Kottaipuli,B,2750.0,26.0,1330.0,In Weight,0.48363636363636364
Sarugupuli 30KGS,A,6250.0,243.0,7290.0,In Weight,1.1664
Kottaipuli,A,6250.0,420.0,21170.0,In Weight,3.3872
Kottaipuli,C,3750.0,171.0,8625.0,In Weight,2.3
Milagai Vathal New,D,8000.0,189.0,3075.0,In Weight,0.384375
Milagai Vathal New,E,8250.0,130.0,2505.0,In Weight,0.30363636363636365
Milagai Vathal New,A,6250.0,81.0,1555.0,In Weight,0.2488
mosai50kgs,A,6250.0,56.0,2800.0,In Weight,0.448
mosai50kgs,A,6250.0,60.0,3000.0,In Weight,0.48
Kollu 50kgs,B,2750.0,15.0,750.0,In Weight,0.2727272727272727
Kottaipuli,A,6250.0,378.0,22075.0,In Weight,3.532
Kottaipuli,A,6250.0,39.0,2140.0,In Weight,0.3424
sundal 50kgs,B,2750.0,41.0,2050.0,In Weight,0.7454545454545455
Milagai Vathal New,C,3750.0,86.0,1470.0,In Weight,0.392
Kottaipuli,A,6250.0,248.0,14745.0,In Weight,2.3592
mosai50kgs,D,8000.0,40.0,2000.0,In Weight,0.25
Kottaipuli,E,8250.0,100.0,5010.0,In Weight,0.6072727272727273
Kottaipuli,B,2750.0,240.0,12230.0,In Weight,4.447272727272727
Kottaipuli,E,8250.0,83.0,4160.0,In Weight,0.5042424242424243
Kollu 50kgs,C,3750.0,130.0,6500.0,In Weight,1.7333333333333334
Kottaipuli,D,8000.0,421.0,26010.0,In Weight,3.25125
Kottaipuli,E,8250.0,215.0,13435.0,In Weight,1.6284848484848484
mosai50kgs,A,6250.0,50.0,2500.0,In Weight,0.4
Kottaipuli,D,8000.0,438.0,21815.0,In Weight,2.726875
sundal 50kgs,B,2750.0,100.0,5015.0,In Weight,1.8236363636363637
Kottaipuli,E,8250.0,281.0,12405.0,In Weight,1.5036363636363637
Thattaipairu 50kg,B,2750.0,100.0,5000.0,In Weight,1.8181818181818181
Milagai Vathal New,B,2750.0,151.0,3015.0,In Weight,1.0963636363636364
Kottaipuli,C,3750.0,301.0,17580.0,In Weight,4.688
Kottaipuli,C,3750.0,46.0,2525.0,In Weight,0.6733333333333333
Kottaipuli,A,6250.0,358.0,22060.0,In Weight,3.5296
Kottaipuli,C,3750.0,75.0,3785.0,In Weight,1.0093333333333334
Kollu 50kgs,D,8000.0,350.0,17610.0,In Weight,2.20125
sarugupuli 30kg,A,6250.0,189.0,5670.0,In Weight,0.9072
Kottaipuli,E,8250.0,86.0,4310.0,In Weight,0.5224242424242425
Kottaipuli,D,8000.0,67.0,4220.0,In Weight,0.5275
Kottaipuli,D,8000.0,68.0,4280.0,In Weight,0.535
Kottaipuli,D,8000.0,371.0,23235.0,In Weight,2.904375
Kottaipuli,A,6250.0,25.0,1415.0,In Weight,0.2264
Kottaipuli,C,3750.0,75.0,3795.0,In Weight,1.012
sundal 50kgs,D,8000.0,139.0,6950.0,In Weight,0.86875
Kottaipuli,D,8000.0,150.0,7700.0,In Weight,0.9625
Milagai Vathal New,D,8000.0,72.0,1320.0,In Weight,0.165
mosai50kgs,D,8000.0,25.0,1250.0,In Weight,0.15625
mosai50kgs,A,6250.0,60.0,3000.0,In Weight,0.48
Kottaipuli,A,6250.0,100.0,5015.0,In Weight,0.8024
Milagai Vathal New,E,8250.0,282.0,4550.0,In Weight,0.5515151515151515
Milagai Vathal New,E,8250.0,100.0,1945.0,In Weight,0.23575757575757575
More Milakai,E,8250.0,33.0,1850.0,In Weight,0.22424242424242424
Kollu 50kgs,C,3750.0,70.0,3500.0,In Weight,0.9333333333333333
Sarugupuli 10kgs,B,2750.0,116.0,1160.0,In Weight,0.4218181818181818
sarugupuli 30kg,C,3750.0,60.0,1800.0,In Weight,0.48
sarugupuli 30kg,C,3750.0,42.0,1260.0,In Weight,0.336
Kottaipuli,B,2750.0,22.0,1210.0,In Weight,0.44
More Milakai,E,8250.0,30.0,1680.0,In Weight,0.20363636363636364
Milagai Vathal New,E,8250.0,101.0,1850.0,In Weight,0.22424242424242424
Kollu 50kgs,D,8000.0,415.0,20895.0,In Weight,2.611875
Kottaipuli,B,2750.0,56.0,2805.0,In Weight,1.02
Kottaipuli,B,2750.0,80.0,4035.0,In Weight,1.4672727272727273
Kollu 50kgs,D,8000.0,10.0,500.0,In Weight,0.0625
sarugupuli 30kg,C,3750.0,170.0,5100.0,In Weight,1.36
sarugupuli 30kg,A,6250.0,43.0,1290.0,In Weight,0.2064
Milagai Vathal New,E,8250.0,80.0,1535.0,In Weight,0.18606060606060607
More Milakai,E,8250.0,32.0,1625.0,In Weight,0.19696969696969696
Thattaipairu 50kg,A,6250.0,100.0,5000.0,In Weight,0.8
sundal 50kgs,A,6250.0,100.0,5000.0,In Weight,0.8
Kottaipuli,C,3750.0,116.0,5585.0,In Weight,1.4893333333333334
Kottaipuli,B,2750.0,11.0,565.0,In Weight,0.20545454545454545
Kottaipuli,C,3750.0,46.0,2705.0,In Weight,0.7213333333333334
Kottaipuli,B,2750.0,80.0,4240.0,In Weight,1.5418181818181818
More Milakai,B,2750.0,45.0,2055.0,In Weight,0.7472727272727273
Milagai Vathal New,E,8250.0,442.0,8135.0,In Weight,0.9860606060606061
Kottaipuli,A,6250.0,377.0,18085.0,In Weight,2.8936
Kottaipuli,E,8250.0,285.0,13055.0,In Weight,1.5824242424242425
sundal 50kgs,B,2750.0,100.0,5000.0,In Weight,1.8181818181818181
Kottaipuli,B,2750.0,62.0,3370.0,In Weight,1.2254545454545454
Kottaipuli,B,2750.0,119.0,5980.0,In Weight,2.1745454545454543
Kottaipuli,B,2750.0,344.0,15040.0,In Weight,5.469090909090909
sundal 50kgs,B,2750.0,212.0,10635.0,In Weight,3.867272727272727
Kottaipuli,B,2750.0,432.0,24415.0,In Weight,8.878181818181819
Kottaipuli,B,2750.0,350.0,21165.0,In Weight,7.696363636363636
Kottaipuli,B,2750.0,315.0,15795.0,In Weight,5.743636363636363
Kottaipuli,B,2750.0,120.0,6050.0,In Weight,2.2
Thosaipuli 50kgs,C,3750.0,42.0,2100.0,In Weight,0.56
Kottaipuli,B,2750.0,37.0,1995.0,In Weight,0.7254545454545455
Kottaipuli,A,6250.0,42.0,1865.0,In Weight,0.2984
Kottaipuli,A,6250.0,84.0,4720.0,In Weight,0.7552
Kottaipuli,A,6250.0,80.0,4155.0,In Weight,0.6648
Kottaipuli,A,6250.0,313.0,18335.0,In Weight,2.9336
Kottaipuli,A,6250.0,356.0,20865.0,In Weight,3.3384
OTTU PULI NEW,D,8000.0,250.0,10075.0,In Weight,1.259375
Sarugupuli 10kgs,B,2750.0,464.0,4640.0,In Weight,1.6872727272727273
Kottaipuli,A,6250.0,190.0,9840.0,In Weight,1.5744
Thosaipuli 50kgs,B,2750.0,40.0,2000.0,In Weight,0.7272727272727273
Sarugupuli 10kgs,B,2750.0,160.0,1600.0,In Weight,0.5818181818181818
sarugupuli 30kg,A,6250.0,100.0,3000.0,In Weight,0.48
Kottaipuli,A,6250.0,66.0,3300.0,In Weight,0.528
Kottaipuli,A,6250.0,50.0,2500.0,In Weight,0.4
Kottaipuli,A,6250.0,85.0,4270.0,In Weight,0.6832
Kottaipuli,A,6250.0,80.0,4070.0,In Weight,0.6512
Kottaipuli,B,2750.0,75.0,4275.0,In Weight,1.5545454545454545
Kottaipuli,A,6250.0,45.0,2315.0,In Weight,0.3704
Milagai Vathal New,E,8250.0,142.0,2170.0,In Weight,0.263030303030303
Milagai Vathal 40kg,E,8250.0,158.0,6695.0,In Weight,0.8115151515151515
Kottaipuli,A,6250.0,168.0,8010.0,In Weight,1.2816
Sarugupuli 10kgs,C,3750.0,154.0,1540.0,In Weight,0.4106666666666667
sundal 50kgs,E,8250.0,100.0,5000.0,In Weight,0.6060606060606061
sundal 50kgs,E,8250.0,77.0,3850.0,In Weight,0.4666666666666667
Kottaipuli,D,8000.0,371.0,15150.0,In Weight,1.89375
sundal 50kgs,E,8250.0,108.0,5400.0,In Weight,0.6545454545454545
mosai50kgs,E,8250.0,90.0,4500.0,In Weight,0.5454545454545454
Thattaipairu 50kg,E,8250.0,480.0,24010.0,In Weight,2.91030303030303
Kollu 50kgs,A,6250.0,306.0,15415.0,In Weight,2.4664
Thosaipuli 50kgs,B,2750.0,50.0,2500.0,In Weight,0.9090909090909091
Kottaipuli,B,2750.0,80.0,4025.0,In Weight,1.4636363636363636
mosai50kgs,E,8250.0,50.0,2500.0,In Weight,0.30303030303030304
Thattaipairu 50kg,E,8250.0,480.0,24010.0,In Weight,2.91030303030303
Kottaipuli,E,8250.0,70.0,4030.0,In Weight,0.48848484848484847
Kollu 50kgs,E,8250.0,60.0,3000.0,In Weight,0.36363636363636365
Kottaipuli,A,6250.0,40.0,2015.0,In Weight,0.3224
Thattaipairu 50kg,E,8250.0,480.0,24050.0,In Weight,2.915151515151515
sarugupuli 30kg,A,6250.0,63.0,1890.0,In Weight,0.3024
Sarugupuli 10kgs,A,6250.0,177.0,1770.0,In Weight,0.2832
Sarugupuli 40kgs,A,6250.0,8.0,320.0,In Weight,0.0512
sundal 50kgs,A,6250.0,50.0,2500.0,In Weight,0.4
Kollu 50kgs,E,8250.0,45.0,2250.0,In Weight,0.2727272727272727
Sarugupuli 10kgs,B,2750.0,318.0,3180.0,In Weight,1.1563636363636363
Thattaipairu 50kg,E,8250.0,479.0,23985.0,In Weight,2.9072727272727272
sundal 50kgs,E,8250.0,100.0,5000.0,In Weight,0.6060606060606061
Kottaipuli,B,2750.0,31.0,1720.0,In Weight,0.6254545454545455
Kottaipuli,A,6250.0,98.0,4955.0,In Weight,0.7928
Kottaipuli,A,6250.0,35.0,1830.0,In Weight,0.2928
Sarugupuli,D,8000.0,345.0,21560.0,In Weight,2.695
Kottaipuli,A,6250.0,48.0,2480.0,In Weight,0.3968
Kottaipuli,E,8250.0,86.0,4150.0,In Weight,0.503030303030303
Kottaipuli,E,8250.0,241.0,14695.0,In Weight,1.7812121212121212
Kollu 50kgs,E,8250.0,60.0,3000.0,In Weight,0.36363636363636365
Kottaipuli,A,6250.0,401.0,20170.0,In Weight,3.2272
Kottaipuli,E,8250.0,80.0,4095.0,In Weight,0.49636363636363634
Kottaipuli,A,6250.0,218.0,11000.0,In Weight,1.76
Kollu 50kgs,A,6250.0,300.0,15140.0,In Weight,2.4224
Kottaipuli,A,6250.0,45.0,2665.0,In Weight,0.4264
Kottaipuli,D,8000.0,545.0,27480.0,In Weight,3.435
Kottaipuli,A,6250.0,295.0,14785.0,In Weight,2.3656
Sarugupuli 10kgs,A,6250.0,30.0,300.0,In Weight,0.048
Sarugupuli 10kgs,A,6250.0,16.0,160.0,In Weight,0.0256
Kottaipuli,A,6250.0,23.0,1190.0,In Weight,0.1904
Thosaipuli 40kgs,A,6250.0,25.0,1000.0,In Weight,0.16
Kottaipuli,E,8250.0,502.0,25425.0,In Weight,3.081818181818182
Kottaipuli,B,2750.0,33.0,1985.0,In Weight,0.7218181818181818
Kottaipuli,A,6250.0,45.0,2275.0,In Weight,0.364
sundal 50kgs,E,8250.0,100.0,5000.0,In Weight,0.6060606060606061
Kottaipuli,E,8250.0,338.0,16515.0,In Weight,2.001818181818182
Milagai Vathal New,D,8000.0,171.0,2560.0,In Weight,0.32
Kottaipuli,A,6250.0,49.0,2330.0,In Weight,0.3728
Sarugupuli 10kgs,A,6250.0,394.0,3940.0,In Weight,0.6304
sundal 50kgs,E,8250.0,100.0,5000.0,In Weight,0.6060606060606061
Kottaipuli,D,8000.0,517.0,26455.0,In Weight,3.306875
Milagai Vathal New,C,3750.0,225.0,3380.0,In Weight,0.9013333333333333
Kottaipuli,E,8250.0,70.0,4425.0,In Weight,0.5363636363636364
Kottaipuli,D,8000.0,421.0,21135.0,In Weight,2.641875
Sarugupuli 30KGS,A,6250.0,150.0,4500.0,In Weight,0.72
Kottaipuli,E,8250.0,200.0,10235.0,In Weight,1.2406060606060607
mosai50kgs,E,8250.0,216.0,10840.0,In Weight,1.313939393939394
Milagai Vathal New,C,3750.0,82.0,1160.0,In Weight,0.30933333333333335
sundal 50kgs,E,8250.0,186.0,9300.0,In Weight,1.1272727272727272
Sarugupuli 10kgs,D,8000.0,73.0,730.0,In Weight,0.09125
Sarukupuli 5kgs,D,8000.0,200.0,1000.0,In Weight,0.125
Kottaipuli,A,6250.0,85.0,5300.0,In Weight,0.848
sundal 50kgs,E,8250.0,100.0,5000.0,In Weight,0.6060606060606061
Kottaipuli,A,6250.0,200.0,9765.0,In Weight,1.5624
Sarugupuli 10kgs,A,6250.0,114.0,1140.0,In Weight,0.1824
Kottaipuli,A,6250.0,46.0,2530.0,In Weight,0.4048
mosai50kgs,E,8250.0,200.0,10060.0,In Weight,1.2193939393939395
Kottaipuli,E,8250.0,500.0,25210.0,In Weight,3.0557575757575757
Kottaipuli,A,6250.0,120.0,6020.0,In Weight,0.9632
Sarugupuli 10kgs,A,6250.0,144.0,1440.0,In Weight,0.2304
Kottaipuli,A,6250.0,50.0,3010.0,In Weight,0.4816
Milagai Vathal New,D,8000.0,133.0,2030.0,In Weight,0.25375
Milagai Vathal New,C,3750.0,100.0,1520.0,In Weight,0.4053333333333333
Milagai Vathal New,C,3750.0,232.0,3310.0,In Weight,0.8826666666666667
Kottaipuli,D,8000.0,544.0,27465.0,In Weight,3.433125
Kottaipuli,A,6250.0,17.0,1055.0,In Weight,0.1688
Sarugupuli,D,8000.0,438.0,20370.0,In Weight,2.54625
Kottaipuli,B,2750.0,20.0,1435.0,In Weight,0.5218181818181818
Kottaipuli,A,6250.0,81.0,4485.0,In Weight,0.7176
sundal 50kgs,E,8250.0,100.0,5000.0,In Weight,0.6060606060606061
Kottaipuli,E,8250.0,540.0,27140.0,In Weight,3.2896969696969696
sundal 50kgs,E,8250.0,104.0,5215.0,In Weight,0.6321212121212121
Kottaipuli,A,6250.0,83.0,4305.0,In Weight,0.6888
Sarugupuli 10kgs,A,6250.0,350.0,3500.0,In Weight,0.56
Kollu 50kgs,E,8250.0,57.0,2850.0,In Weight,0.34545454545454546
Kottaipuli,E,8250.0,44.0,2055.0,In Weight,0.24909090909090909
Kottaipuli,E,8250.0,300.0,15345.0,In Weight,1.86
Kottaipuli,D,8000.0,353.0,20490.0,In Weight,2.56125
Sarugupuli,D,8000.0,5.0,290.0,In Weight,0.03625
sundal 50kgs,E,8250.0,100.0,5000.0,In Weight,0.6060606060606061
Kottaipuli,E,8250.0,324.0,16255.0,In Weight,1.9703030303030302
Sarugupuli 10kgs,B,2750.0,34.0,340.0,In Weight,0.12363636363636364
Kottaipuli,E,8250.0,180.0,9700.0,In Weight,1.1757575757575758
Kottaipuli,A,6250.0,105.0,5310.0,In Weight,0.8496
Kottaipuli,D,8000.0,360.0,20620.0,In Weight,2.5775
Sarugupuli 10kgs,D,8000.0,303.0,3030.0,In Weight,0.37875
Sarugupuli 10kgs,B,2750.0,180.0,1800.0,In Weight,0.6545454545454545
Kottaipuli,A,6250.0,32.0,2185.0,In Weight,0.3496
Kottaipuli,B,2750.0,35.0,1905.0,In Weight,0.6927272727272727
Kottaipuli,A,6250.0,43.0,2345.0,In Weight,0.3752
Sarugupuli 10kgs,D,8000.0,202.0,2020.0,In Weight,0.2525
Sarugupuli 20kgs,D,8000.0,10.0,200.0,In Weight,0.025
Sarugupuli 10kgs,A,6250.0,222.0,2220.0,In Weight,0.3552
sundal 50kgs,E,8250.0,14.0,700.0,In Weight,0.08484848484848485
sundal 50kgs,E,8250.0,380.0,19040.0,In Weight,2.307878787878788
Kottaipuli,E,8250.0,200.0,10245.0,In Weight,1.2418181818181817
Kottaipuli,A,6250.0,207.0,9810.0,In Weight,1.5696
Kollu 50kgs,E,8250.0,340.0,17125.0,In Weight,2.0757575757575757
sundal 50kgs,E,8250.0,89.0,4605.0,In Weight,0.5581818181818182
Kottaipuli,A,6250.0,40.0,2130.0,In Weight,0.3408
Kottaipuli,E,8250.0,67.0,3440.0,In Weight,0.416969696969697
Kottaipuli,A,6250.0,16.0,775.0,In Weight,0.124
Kottaipuli,A,6250.0,57.0,2955.0,In Weight,0.4728
Kollu 50kgs,E,8250.0,120.0,6000.0,In Weight,0.7272727272727273
Kottaipuli,A,6250.0,68.0,3870.0,In Weight,0.6192
Kottaipuli,A,6250.0,120.0,6030.0,In Weight,0.9648
sundal 50kgs,C,3750.0,43.0,2945.0,In Weight,0.7853333333333333
Kottaipuli,D,8000.0,463.0,23365.0,In Weight,2.920625
ullundu 50kgs,E,8250.0,205.0,10405.0,In Weight,1.2612121212121212
Milagai Vathal New,E,8250.0,153.0,2020.0,In Weight,0.24484848484848484
Kottaipuli,A,6250.0,404.0,23940.0,In Weight,3.8304
Kottaipuli,D,8000.0,368.0,21145.0,In Weight,2.643125
Kottaipuli,A,6250.0,68.0,4150.0,In Weight,0.664
sundal 50kgs,E,8250.0,30.0,1975.0,In Weight,0.23939393939393938
Kottaipuli,B,2750.0,400.0,20270.0,In Weight,7.370909090909091
Sarugupuli 10kgs,A,6250.0,61.0,610.0,In Weight,0.0976
Kottaipuli,B,2750.0,353.0,19955.0,In Weight,7.256363636363637
Kottaipuli,A,6250.0,35.0,2180.0,In Weight,0.3488
Kottaipuli,A,6250.0,35.0,1920.0,In Weight,0.3072
Kottaipuli,E,8250.0,85.0,4175.0,In Weight,0.5060606060606061
Sarugupuli 10kgs,A,6250.0,350.0,3500.0,In Weight,0.56
Kottaipuli,D,8000.0,378.0,18010.0,In Weight,2.25125
Kottaipuli,A,6250.0,29.0,1335.0,In Weight,0.2136
Kottaipuli,A,6250.0,100.0,5000.0,In Weight,0.8
Kottaipuli,D,8000.0,362.0,21275.0,In Weight,2.659375
Kottaipuli,A,6250.0,192.0,9375.0,In Weight,1.5
Milagai Vathal New,C,3750.0,236.0,3605.0,In Weight,0.9613333333333334
Kottaipuli,A,6250.0,59.0,3945.0,In Weight,0.6312
Milagai Vathal New,C,3750.0,159.0,1865.0,In Weight,0.49733333333333335
Kottaipuli,D,8000.0,270.0,13805.0,In Weight,1.725625
sarugupuli 30kg,A,6250.0,247.0,7410.0,In Weight,1.1856
Milagai Vathal New,C,3750.0,173.0,2620.0,In Weight,0.6986666666666667
Milagai Vathal New,C,3750.0,281.0,4260.0,In Weight,1.136
Milagai Vathal New,B,2750.0,51.0,720.0,In Weight,0.26181818181818184
Kottaipuli,C,3750.0,398.0,20470.0,In Weight,5.458666666666667
Sarugupuli 10kgs,A,6250.0,75.0,750.0,In Weight,0.12
sundal 50kgs,C,3750.0,100.0,5000.0,In Weight,1.3333333333333333
Kottaipuli,E,8250.0,47.0,2505.0,In Weight,0.30363636363636365
sundal 50kgs,C,3750.0,100.0,5000.0,In Weight,1.3333333333333333
sarugupuli 30kg,A,6250.0,740.0,21065.0,In Weight,3.3704
Kottaipuli,C,3750.0,349.0,17925.0,In Weight,4.78
Milagai Vathal New,B,2750.0,114.0,1430.0,In Weight,0.52
Sarugupuli,B,2750.0,371.0,21010.0,In Weight,7.64
Kottaipuli,A,6250.0,80.0,3885.0,In Weight,0.6216
Kottaipuli,A,6250.0,107.0,5525.0,In Weight,0.884
sundal 50kgs,A,6250.0,76.0,3800.0,In Weight,0.608
sundal 50kgs,A,6250.0,70.0,3530.0,In Weight,0.5648
sundal 50kgs,B,2750.0,200.0,10095.0,In Weight,3.670909090909091
Kottaipuli,A,6250.0,46.0,2520.0,In Weight,0.4032
Kottaipuli,C,3750.0,197.0,10915.0,In Weight,2.9106666666666667
Kottaipuli,C,3750.0,300.0,15320.0,In Weight,4.085333333333334
Kottaipuli,C,3750.0,127.0,5515.0,In Weight,1.4706666666666666
Sarugupuli 10kgs,A,6250.0,40.0,400.0,In Weight,0.064
Kottaipuli,C,3750.0,317.0,18140.0,In Weight,4.8373333333333335
Kottaipuli,A,6250.0,30.0,1340.0,In Weight,0.2144
Kottaipuli,B,2750.0,439.0,26890.0,In Weight,9.778181818181817
Kottaipuli,B,2750.0,160.0,7490.0,In Weight,2.7236363636363636
Kottaipuli,C,3750.0,377.0,23025.0,In Weight,6.14
Kottaipuli,D,8000.0,500.0,25260.0,In Weight,3.1575
Kottaipuli,A,6250.0,87.0,5230.0,In Weight,0.8368
Kottaipuli,A,6250.0,202.0,9725.0,In Weight,1.556
Kottaipuli,C,3750.0,515.0,25990.0,In Weight,6.930666666666666
sundal 50kgs,A,6250.0,77.0,3850.0,In Weight,0.616
Kollu 50kgs,A,6250.0,100.0,5035.0,In Weight,0.8056
Kollu 50kgs,A,6250.0,28.0,1410.0,In Weight,0.2256
Kottaipuli,A,6250.0,85.0,4540.0,In Weight,0.7264
Kottaipuli,A,6250.0,200.0,10195.0,In Weight,1.6312
Kottaipuli,A,6250.0,200.0,10215.0,In Weight,1.6344
sundal 50kgs,C,3750.0,221.0,11250.0,In Weight,3.0
sundal 50kgs,D,8000.0,209.0,10640.0,In Weight,1.33
sundal 50kgs,A,6250.0,36.0,2370.0,In Weight,0.3792
Kottaipuli,A,6250.0,101.0,4630.0,In Weight,0.7408
Kottaipuli,C,3750.0,500.0,25270.0,In Weight,6.738666666666667
Milagai Vathal New,B,2750.0,160.0,2270.0,In Weight,0.8254545454545454
Kottaipuli,C,3750.0,494.0,24900.0,In Weight,6.64
Milagai Vathal New,E,8250.0,261.0,3860.0,In Weight,0.4678787878787879
Kottaipuli,A,6250.0,155.0,8170.0,In Weight,1.3072
Kottaipuli,A,6250.0,505.0,25450.0,In Weight,4.072
Kottaipuli,D,8000.0,494.0,24855.0,In Weight,3.106875
Kottaipuli,A,6250.0,28.0,1415.0,In Weight,0.2264
Kottaipuli,A,6250.0,103.0,6415.0,In Weight,1.0264
Thosaipuli 40kgs,A,6250.0,25.0,1000.0,In Weight,0.16
Thosaipuli 50kgs,A,6250.0,20.0,1000.0,In Weight,0.16
Thosaipuli 50kgs,A,6250.0,50.0,2500.0,In Weight,0.4
sundal 50kgs,C,3750.0,141.0,7050.0,In Weight,1.88
sundal 50kgs,C,3750.0,60.0,3000.0,In Weight,0.8
Sarugupuli 10kgs,A,6250.0,231.0,2310.0,In Weight,0.3696
Sarugupuli 10kgs,A,6250.0,191.0,1910.0,In Weight,0.3056
Sarugupuli 10kgs,A,6250.0,401.0,4010.0,In Weight,0.6416
Kottaipuli,A,6250.0,44.0,2630.0,In Weight,0.4208
Kottaipuli,B,2750.0,475.0,23980.0,In Weight,8.72
Kottaipuli,C,3750.0,484.0,27050.0,In Weight,7.213333333333333
Sarugupuli 10kgs,A,6250.0,100.0,1000.0,In Weight,0.16
Sarugupuli 10kgs,A,6250.0,51.0,510.0,In Weight,0.0816
Sarugupuli 10kgs,A,6250.0,60.0,600.0,In Weight,0.096
Kottaipuli,A,6250.0,46.0,2370.0,In Weight,0.3792
Kottaipuli,C,3750.0,70.0,4080.0,In Weight,1.088
Kottaipuli,B,2750.0,371.0,22520.0,In Weight,8.18909090909091
Kollu 50kgs,A,6250.0,60.0,3000.0,In Weight,0.48
Kottaipuli,B,2750.0,344.0,20890.0,In Weight,7.596363636363637
Kottaipuli,C,3750.0,175.0,9710.0,In Weight,2.5893333333333333
Sarugupuli 10kgs,A,6250.0,355.0,3550.0,In Weight,0.568
sundal 50kgs,C,3750.0,100.0,5000.0,In Weight,1.3333333333333333
sundal 50kgs,C,3750.0,50.0,2500.0,In Weight,0.6666666666666666
sundal 50kgs,C,3750.0,150.0,7500.0,In Weight,2.0
Sarugupuli 10kgs,A,6250.0,50.0,500.0,In Weight,0.08
Kottaipuli,C,3750.0,451.0,22735.0,In Weight,6.062666666666667
Kottaipuli,C,3750.0,300.0,15305.0,In Weight,4.081333333333333
Kottaipuli,C,3750.0,311.0,15960.0,In Weight,4.256
Kottaipuli,A,6250.0,72.0,3390.0,In Weight,0.5424
Sarugupuli 10kgs,A,6250.0,101.0,1010.0,In Weight,0.1616
Kottaipuli,A,6250.0,98.0,5300.0,In Weight,0.848
Sarugupuli 10kgs,A,6250.0,73.0,730.0,In Weight,0.1168
Kottaipuli,B,2750.0,355.0,19585.0,In Weight,7.121818181818182
Sarugupuli 10kgs,A,6250.0,63.0,630.0,In Weight,0.1008
Kottaipuli,C,3750.0,73.0,3670.0,In Weight,0.9786666666666667
Sarugupuli 10kgs,A,6250.0,101.0,1010.0,In Weight,0.1616
Sarukupuli 5kgs,B,2750.0,233.0,1165.0,In Weight,0.42363636363636364
Kottaipuli,C,3750.0,373.0,21485.0,In Weight,5.729333333333333
Kottaipuli,B,2750.0,408.0,24270.0,In Weight,8.825454545454546
Kottaipuli,B,2750.0,329.0,18870.0,In Weight,6.861818181818182
Kottaipuli,B,2750.0,35.0,2160.0,In Weight,0.7854545454545454
mosai50kgs,A,6250.0,44.0,2200.0,In Weight,0.352
Sarugupuli 10kgs,A,6250.0,87.0,870.0,In Weight,0.1392
Kottaipuli,C,3750.0,313.0,14745.0,In Weight,3.932
Milagai Vathal New,C,3750.0,200.0,2460.0,In Weight,0.656
Sarugupuli 10kgs,A,6250.0,162.0,1620.0,In Weight,0.2592
Kottaipuli,B,2750.0,439.0,26380.0,In Weight,9.592727272727272
Sarugupuli 10kgs,D,8000.0,115.0,1150.0,In Weight,0.14375
Sarugupuli 10kgs,D,8000.0,125.0,1250.0,In Weight,0.15625
Kottaipuli,D,8000.0,76.0,4010.0,In Weight,0.50125
Kottaipuli,D,8000.0,61.0,3050.0,In Weight,0.38125
Sarugupuli 10kgs,D,8000.0,134.0,1340.0,In Weight,0.1675
Sarugupuli 10kgs,D,8000.0,75.0,750.0,In Weight,0.09375
Kollu 50kgs,A,6250.0,60.0,3000.0,In Weight,0.48
sundal 50kgs,E,8250.0,42.0,2100.0,In Weight,0.2545454545454545
Kottaipuli,B,2750.0,60.0,2900.0,In Weight,1.0545454545454545
Kottaipuli,B,2750.0,46.0,2200.0,In Weight,0.8
Kottaipuli,D,8000.0,556.0,28260.0,In Weight,3.5325
Kottaipuli,E,8250.0,46.0,2270.0,In Weight,0.27515151515151515
Sarugupuli 10kgs,D,8000.0,98.0,980.0,In Weight,0.1225
Kottaipuli,A,6250.0,110.0,6250.0,In Weight,1.0
Kottaipuli,A,6250.0,45.0,2230.0,In Weight,0.3568
Kottaipuli,B,2750.0,135.0,7140.0,In Weight,2.596363636363636
Kollu 50kgs,D,8000.0,60.0,3000.0,In Weight,0.375
Kottaipuli,A,6250.0,23.0,1180.0,In Weight,0.1888
Kottaipuli,D,8000.0,50.0,2180.0,In Weight,0.2725
Sarugupuli 10kgs,C,3750.0,178.0,1780.0,In Weight,0.4746666666666667
Sarugupuli 10kgs,C,3750.0,472.0,4720.0,In Weight,1.2586666666666666
Kottaipuli,A,6250.0,47.0,2600.0,In Weight,0.416
Kollu 50kgs,A,6250.0,60.0,3000.0,In Weight,0.48
Kollu 50kgs,A,6250.0,60.0,3000.0,In Weight,0.48
Sarugupuli,C,3750.0,200.0,11150.0,In Weight,2.973333333333333
Sarugupuli,C,3750.0,200.0,11180.0,In Weight,2.981333333333333
Sarugupuli 10kgs,A,6250.0,198.0,1980.0,In Weight,0.3168
Kottaipuli,B,2750.0,226.0,11565.0,In Weight,4.205454545454545
mosai50kgs,B,2750.0,54.0,2700.0,In Weight,0.9818181818181818
Kottaipuli,B,2750.0,34.0,1720.0,In Weight,0.6254545454545455
Kottaipuli,B,2750.0,80.0,4080.0,In Weight,1.4836363636363636
Kottaipuli,B,2750.0,20.0,1020.0,In Weight,0.3709090909090909
Kottaipuli,A,6250.0,95.0,5030.0,In Weight,0.8048
Kottaipuli,B,2750.0,46.0,2240.0,In Weight,0.8145454545454546
Sarugupuli 10kgs,D,8000.0,130.0,1300.0,In Weight,0.1625
sundal 50kgs,B,2750.0,100.0,5000.0,In Weight,1.8181818181818181
Sarugupuli 10kgs,A,6250.0,54.0,540.0,In Weight,0.0864
Kollu 50kgs,A,6250.0,60.0,3000.0,In Weight,0.48
sundal 50kgs,B,2750.0,100.0,5000.0,In Weight,1.8181818181818181
Kottaipuli,B,2750.0,419.0,21775.0,In Weight,7.918181818181818
Kottaipuli,B,2750.0,475.0,27935.0,In Weight,10.158181818181818
Kottaipuli,D,8000.0,132.0,5360.0,In Weight,0.67
Kottaipuli,D,8000.0,81.0,4190.0,In Weight,0.52375
Kollu 50kgs,A,6250.0,60.0,3000.0,In Weight,0.48
Kottaipuli,D,8000.0,85.0,3985.0,In Weight,0.498125
Sarugupuli 10kgs,D,8000.0,41.0,410.0,In Weight,0.05125
Sarugupuli 10kgs,D,8000.0,50.0,500.0,In Weight,0.0625
Kottaipuli,B,2750.0,200.0,9660.0,In Weight,3.5127272727272727
Kottaipuli,B,2750.0,224.0,10870.0,In Weight,3.9527272727272726
Sarugupuli 10kgs,D,8000.0,88.0,880.0,In Weight,0.11
sarugupuli 30kg,C,3750.0,89.0,2670.0,In Weight,0.712
Sarugupuli 10kgs,D,8000.0,110.0,1100.0,In Weight,0.1375
Kottaipuli,A,6250.0,81.0,4100.0,In Weight,0.656
Kottaipuli,D,8000.0,292.0,14910.0,In Weight,1.86375
Sarugupuli 10kgs,B,2750.0,28.0,280.0,In Weight,0.10181818181818182
Sarugupuli 10kgs,D,8000.0,101.0,1010.0,In Weight,0.12625
sundal 50kgs,B,2750.0,101.0,5050.0,In Weight,1.8363636363636364
Sarugupuli 10kgs,D,8000.0,90.0,900.0,In Weight,0.1125
Sarugupuli 10kgs,D,8000.0,300.0,3000.0,In Weight,0.375
Kottaipuli,E,8250.0,129.0,6225.0,In Weight,0.7545454545454545
Vengayam Seed,E,8250.0,24.0,1370.0,In Weight,0.16606060606060605
Kottaipuli,E,8250.0,495.0,23075.0,In Weight,2.796969696969697
Kottaipuli,D,8000.0,100.0,5795.0,In Weight,0.724375
Pasi payar,D,8000.0,40.0,2000.0,In Weight,0.25
Thattaipairu 50kg,D,8000.0,15.0,750.0,In Weight,0.09375
Sarugupuli 10kgs,D,8000.0,51.0,510.0,In Weight,0.06375
Sarugupuli 10kgs,D,8000.0,47.0,470.0,In Weight,0.05875
Sarugupuli 10kgs,D,8000.0,406.0,4060.0,In Weight,0.5075
Kottaipuli,B,2750.0,40.0,2120.0,In Weight,0.7709090909090909
Kollu 50kgs,A,6250.0,70.0,3500.0,In Weight,0.56
Kottaipuli,C,3750.0,110.0,5345.0,In Weight,1.4253333333333333
Kottaipuli,D,8000.0,501.0,18380.0,In Weight,2.2975
Sarugupuli 10kgs,D,8000.0,140.0,1400.0,In Weight,0.175
sundal 50kgs,C,3750.0,30.0,1520.0,In Weight,0.4053333333333333
Kollu 50kgs,A,6250.0,70.0,3500.0,In Weight,0.56
Sarugupuli 10kgs,D,8000.0,250.0,2500.0,In Weight,0.3125
Kottaipuli,E,8250.0,71.0,4035.0,In Weight,0.4890909090909091
Kottaipuli,B,2750.0,406.0,23665.0,In Weight,8.605454545454545
Sarugupuli 10kgs,D,8000.0,121.0,1210.0,In Weight,0.15125
Kottaipuli,C,3750.0,36.0,1895.0,In Weight,0.5053333333333333
Kottaipuli,B,2750.0,349.0,21095.0,In Weight,7.670909090909091
Sarugupuli 10kgs,D,8000.0,226.0,2260.0,In Weight,0.2825
Sarugupuli 10kgs,D,8000.0,122.0,1220.0,In Weight,0.1525
Sarugupuli 10kgs,D,8000.0,213.0,2130.0,In Weight,0.26625
Sarugupuli 10kgs,D,8000.0,156.0,1560.0,In Weight,0.195
Sarugupuli 10kgs,A,6250.0,87.0,870.0,In Weight,0.1392
Sarugupuli,D,8000.0,361.0,21035.0,In Weight,2.629375
Kottaipuli,C,3750.0,57.0,2620.0,In Weight,0.6986666666666667
Kottaipuli,D,8000.0,349.0,17765.0,In Weight,2.220625
Kottaipuli,B,2750.0,33.0,1660.0,In Weight,0.6036363636363636
Sarugupuli 10kgs,C,3750.0,400.0,4000.0,In Weight,1.0666666666666667
Kottaipuli,A,6250.0,64.0,3295.0,In Weight,0.5272
Kottaipuli,A,6250.0,43.0,2405.0,In Weight,0.3848
Kollu 50kgs,D,8000.0,70.0,3500.0,In Weight,0.4375
Sarugupuli 10kgs,A,6250.0,201.0,2010.0,In Weight,0.3216
Sarugupuli 10kgs,A,6250.0,240.0,2400.0,In Weight,0.384
Kottaipuli,E,8250.0,210.0,11105.0,In Weight,1.346060606060606
Kottaipuli,E,8250.0,351.0,21425.0,In Weight,2.596969696969697
Sarugupuli 10kgs,A,6250.0,302.0,3020.0,In Weight,0.4832
Kottaipuli,A,6250.0,66.0,3085.0,In Weight,0.4936
sundal 50kgs,A,6250.0,45.0,2250.0,In Weight,0.36
Sarukupuli 5kgs,A,6250.0,170.0,850.0,In Weight,0.136
Kottaipuli,B,2750.0,60.0,3715.0,In Weight,1.3509090909090908
Sarugupuli 10kgs,E,8250.0,150.0,1500.0,In Weight,0.18181818181818182
Sarugupuli 10kgs,B,2750.0,200.0,2000.0,In Weight,0.7272727272727273
Sarugupuli 10kgs,B,2750.0,50.0,500.0,In Weight,0.18181818181818182
Kottaipuli,E,8250.0,411.0,24090.0,In Weight,2.92
Kottaipuli,E,8250.0,374.0,21595.0,In Weight,2.6175757575757577
Kottaipuli,E,8250.0,51.0,2435.0,In Weight,0.29515151515151516
Kottaipuli,E,8250.0,61.0,3510.0,In Weight,0.4254545454545455
Sarugupuli 10kgs,B,2750.0,105.0,1050.0,In Weight,0.38181818181818183
Thosaipuli 50kgs,B,2750.0,75.0,3750.0,In Weight,1.3636363636363635
Sarugupuli 10kgs,E,8250.0,423.0,4230.0,In Weight,0.5127272727272727
Kollu 50kgs,E,8250.0,38.0,1900.0,In Weight,0.23030303030303031
Kottaipuli,E,8250.0,357.0,18450.0,In Weight,2.2363636363636363
Kottaipuli,E,8250.0,338.0,19605.0,In Weight,2.3763636363636365
Sarugupuli 10kgs,B,2750.0,400.0,4000.0,In Weight,1.4545454545454546
Sarugupuli 10kgs,A,6250.0,135.0,1350.0,In Weight,0.216
Kottaipuli,D,8000.0,357.0,20885.0,In Weight,2.610625
Kottaipuli,C,3750.0,110.0,6160.0,In Weight,1.6426666666666667
Kottaipuli,A,6250.0,159.0,7010.0,In Weight,1.1216
Sarugupuli 10kgs,A,6250.0,68.0,680.0,In Weight,0.1088
Sarugupuli 10kgs,D,8000.0,174.0,1740.0,In Weight,0.2175
Sarugupuli 10kgs,D,8000.0,204.0,2040.0,In Weight,0.255
Kottaipuli,D,8000.0,344.0,19945.0,In Weight,2.493125
Kottaipuli,A,6250.0,47.0,2425.0,In Weight,0.388
Sarugupuli 10kgs,A,6250.0,190.0,1900.0,In Weight,0.304
Kottaipuli,D,8000.0,388.0,21615.0,In Weight,2.701875
Sarugupuli 10kgs,A,6250.0,140.0,1400.0,In Weight,0.224
sundal 50kgs,B,2750.0,100.0,5000.0,In Weight,1.8181818181818181
Sarugupuli 10kgs,B,2750.0,132.0,1320.0,In Weight,0.48
sundal 50kgs,B,2750.0,20.0,1020.0,In Weight,0.3709090909090909
Kollu 50kgs,A,6250.0,60.0,3000.0,In Weight,0.48
Sarugupuli 10kgs,D,8000.0,279.0,2790.0,In Weight,0.34875
Sarugupuli 10kgs,B,2750.0,116.0,1160.0,In Weight,0.4218181818181818
Kollu 50kgs,A,6250.0,50.0,2500.0,In Weight,0.4
Kollu 50kgs,A,6250.0,60.0,3000.0,In Weight,0.48
Sarugupuli 10kgs,D,8000.0,462.0,4620.0,In Weight,0.5775
Sarugupuli 10kgs,A,6250.0,38.0,380.0,In Weight,0.0608
Sarugupuli 10kgs,D,8000.0,15.0,150.0,In Weight,0.01875
Sarukupuli 5kgs,D,8000.0,262.0,1310.0,In Weight,0.16375
Sarugupuli 10kgs,B,2750.0,444.0,4440.0,In Weight,1.6145454545454545
Sarugupuli 10kgs,B,2750.0,80.0,800.0,In Weight,0.2909090909090909
Sarugupuli 10kgs,D,8000.0,150.0,1500.0,In Weight,0.1875
Kollu 50kgs,A,6250.0,150.0,7600.0,In Weight,1.216
Kollu 50kgs,A,6250.0,147.0,7400.0,In Weight,1.184
Sarugupuli 10kgs,B,2750.0,210.0,2100.0,In Weight,0.7636363636363637
Sarugupuli 10kgs,D,8000.0,90.0,900.0,In Weight,0.1125
Sarugupuli,C,3750.0,357.0,21775.0,In Weight,5.806666666666667
Kottaipuli,A,6250.0,35.0,1715.0,In Weight,0.2744
Kottaipuli,B,2750.0,126.0,6165.0,In Weight,2.2418181818181817
Sarugupuli 10kgs,B,2750.0,109.0,1090.0,In Weight,0.39636363636363636
Sarugupuli 10kgs,B,2750.0,330.0,3300.0,In Weight,1.2
Thosaipuli 50kgs,B,2750.0,40.0,2000.0,In Weight,0.7272727272727273
Kottaipuli,D,8000.0,342.0,19330.0,In Weight,2.41625
Kottaipuli,A,6250.0,29.0,1720.0,In Weight,0.2752
Sarugupuli 10kgs,B,2750.0,360.0,3600.0,In Weight,1.309090909090909
Sarugupuli 10kgs,C,3750.0,101.0,1010.0,In Weight,0.2693333333333333
Sarugupuli 10kgs,B,2750.0,131.0,1310.0,In Weight,0.4763636363636364
Sarugupuli 10kgs,B,2750.0,55.0,550.0,In Weight,0.2
Sarugupuli 10kgs,B,2750.0,51.0,510.0,In Weight,0.18545454545454546
Sarugupuli 10kgs,B,2750.0,21.0,210.0,In Weight,0.07636363636363637
Sarugupuli 10kgs,B,2750.0,300.0,3000.0,In Weight,1.0909090909090908
Sarugupuli 10kgs,B,2750.0,133.0,1330.0,In Weight,0.48363636363636364
Sarugupuli 10kgs,B,2750.0,140.0,1400.0,In Weight,0.509090909090909
Sarugupuli 10kgs,B,2750.0,399.0,3990.0,In Weight,1.450909090909091
Sarugupuli 10kgs,A,6250.0,230.0,2300.0,In Weight,0.368
Sarugupuli 10kgs,A,6250.0,90.0,900.0,In Weight,0.144
sarugupuli 30kg,E,8250.0,95.0,2850.0,In Weight,0.34545454545454546
Sarugupuli 10kgs,B,2750.0,420.0,4200.0,In Weight,1.5272727272727273
Sarugupuli 10kgs,A,6250.0,206.0,2060.0,In Weight,0.3296
Sarugupuli 10kgs,A,6250.0,70.0,700.0,In Weight,0.112
Sarugupuli 10kgs,A,6250.0,70.0,700.0,In Weight,0.112
Kottaipuli,A,6250.0,61.0,4050.0,In Weight,0.648
Sarugupuli 10kgs,B,2750.0,301.0,3010.0,In Weight,1.0945454545454545
Sarugupuli 10kgs,A,6250.0,177.0,1770.0,In Weight,0.2832
Sarugupuli 10kgs,A,6250.0,71.0,710.0,In Weight,0.1136
sundal 50kgs,E,8250.0,50.0,2500.0,In Weight,0.30303030303030304
Sarugupuli 10kgs,B,2750.0,301.0,3010.0,In Weight,1.0945454545454545
Sarugupuli 10kgs,C,3750.0,165.0,1650.0,In Weight,0.44
Sarugupuli 10kgs,C,3750.0,101.0,1010.0,In Weight,0.2693333333333333
Sarugupuli 10kgs,D,8000.0,101.0,1010.0,In Weight,0.12625
Sarugupuli 10kgs,B,2750.0,199.0,1990.0,In Weight,0.7236363636363636
Sarugupuli 10kgs,D,8000.0,76.0,760.0,In Weight,0.095
Sarugupuli,A,6250.0,307.0,19285.0,In Weight,3.0856
Sarugupuli 10kgs,E,8250.0,217.0,2170.0,In Weight,0.263030303030303
Sarugupuli 10kgs,C,3750.0,72.0,720.0,In Weight,0.192
Sarugupuli 10kgs,C,3750.0,90.0,900.0,In Weight,0.24
Sarugupuli 10kgs,B,2750.0,192.0,1920.0,In Weight,0.6981818181818182
Sarugupuli 10kgs,B,2750.0,204.0,2040.0,In Weight,0.7418181818181818
Sarugupuli 10kgs,A,6250.0,115.0,1150.0,In Weight,0.184
Sarugupuli 10kgs,E,8250.0,224.0,2240.0,In Weight,0.27151515151515154
Sarugupuli 10kgs,B,2750.0,110.0,1100.0,In Weight,0.4
Kottaipuli,C,3750.0,300.0,15155.0,In Weight,4.041333333333333
Sarugupuli 10kgs,C,3750.0,90.0,900.0,In Weight,0.24
Sarugupuli 10kgs,C,3750.0,171.0,1710.0,In Weight,0.456
Sarugupuli 10kgs,C,3750.0,100.0,1000.0,In Weight,0.26666666666666666
Sarugupuli 10kgs,C,3750.0,156.0,1560.0,In Weight,0.416
Sarugupuli 10kgs,B,2750.0,120.0,1200.0,In Weight,0.43636363636363634
Sarugupuli 10kgs,B,2750.0,50.0,500.0,In Weight,0.18181818181818182
Sarugupuli 10kgs,A,6250.0,233.0,2330.0,In Weight,0.3728
Sarugupuli 10kgs,A,6250.0,281.0,2810.0,In Weight,0.4496
Sarugupuli 10kgs,A,6250.0,343.0,3430.0,In Weight,0.5488
Sarugupuli 10kgs,D,8000.0,420.0,4200.0,In Weight,0.525
Sarugupuli 10kgs,A,6250.0,340.0,3400.0,In Weight,0.544
Sarugupuli 10kgs,A,6250.0,81.0,810.0,In Weight,0.1296
Sarugupuli 10kgs,A,6250.0,120.0,1200.0,In Weight,0.192
Sarugupuli 10kgs,B,2750.0,69.0,690.0,In Weight,0.2509090909090909
Sarugupuli 10kgs,A,6250.0,96.0,960.0,In Weight,0.1536
Sarugupuli 10kgs,A,6250.0,57.0,570.0,In Weight,0.0912
Sarugupuli 10kgs,A,6250.0,579.0,5790.0,In Weight,0.9264
Sarugupuli 10kgs,B,2750.0,204.0,2040.0,In Weight,0.7418181818181818
Sarugupuli 10kgs,B,2750.0,136.0,1360.0,In Weight,0.49454545454545457
Sarugupuli 10kgs,D,8000.0,234.0,2340.0,In Weight,0.2925
Sarugupuli 10kgs,B,2750.0,115.0,1150.0,In Weight,0.41818181818181815
Sarugupuli 10kgs,B,2750.0,200.0,2000.0,In Weight,0.7272727272727273
Kottaipuli,E,8250.0,67.0,3155.0,In Weight,0.38242424242424244
sundal 50kgs,B,2750.0,58.0,2900.0,In Weight,1.0545454545454545
Sarugupuli 10kgs,B,2750.0,176.0,1760.0,In Weight,0.64
Sarugupuli 10kgs,B,2750.0,15.0,150.0,In Weight,0.05454545454545454
Sarugupuli 10kgs,A,6250.0,420.0,4200.0,In Weight,0.672
Sarugupuli 10kgs,A,6250.0,100.0,1000.0,In Weight,0.16
Sarugupuli 10kgs,A,6250.0,130.0,1300.0,In Weight,0.208
Sarugupuli 10kgs,B,2750.0,436.0,4360.0,In Weight,1.5854545454545454
Sarugupuli,C,3750.0,369.0,22210.0,In Weight,5.922666666666666
Kottaipuli,C,3750.0,49.0,2920.0,In Weight,0.7786666666666666
Sarugupuli 10kgs,E,8250.0,110.0,1100.0,In Weight,0.13333333333333333
Sarugupuli 10kgs,B,2750.0,49.0,490.0,In Weight,0.1781818181818182
Sarukupuli 5kgs,B,2750.0,296.0,1480.0,In Weight,0.5381818181818182
Sarugupuli 10kgs,E,8250.0,194.0,1940.0,In Weight,0.23515151515151514
sundal 50kgs,E,8250.0,100.0,5000.0,In Weight,0.6060606060606061
Sarugupuli 10kgs,E,8250.0,300.0,3000.0,In Weight,0.36363636363636365
Sarugupuli 10kgs,A,6250.0,577.0,5770.0,In Weight,0.9232
Sarugupuli 10kgs,D,8000.0,137.0,1370.0,In Weight,0.17125
Sarugupuli 10kgs,E,8250.0,321.0,3210.0,In Weight,0.3890909090909091
Sarugupuli 10kgs,D,8000.0,205.0,2050.0,In Weight,0.25625
Sarugupuli,C,3750.0,283.0,16295.0,In Weight,4.3453333333333335
Sarugupuli 10kgs,D,8000.0,204.0,2040.0,In Weight,0.255
Sarugupuli 10kgs,E,8250.0,110.0,1100.0,In Weight,0.13333333333333333
Sarugupuli 10kgs,E,8250.0,100.0,1000.0,In Weight,0.12121212121212122
Sarugupuli 10kgs,D,8000.0,178.0,1780.0,In Weight,0.2225
Sarugupuli 10kgs,E,8250.0,75.0,750.0,In Weight,0.09090909090909091
Sarugupuli 10kgs,C,3750.0,45.0,450.0,In Weight,0.12
Sarugupuli 10kgs,D,8000.0,140.0,1400.0,In Weight,0.175
Sarugupuli 10kgs,E,8250.0,200.0,2000.0,In Weight,0.24242424242424243
Thosaipuli 40kgs,E,8250.0,33.0,1320.0,In Weight,0.16
Sarugupuli 10kgs,E,8250.0,210.0,2100.0,In Weight,0.2545454545454545
Sarugupuli 10kgs,E,8250.0,101.0,1010.0,In Weight,0.12242424242424242
Sarugupuli 10kgs,E,8250.0,100.0,1000.0,In Weight,0.12121212121212122
Sarugupuli 10kgs,E,8250.0,100.0,1000.0,In Weight,0.12121212121212122
Sarugupuli 10kgs,E,8250.0,153.0,1530.0,In Weight,0.18545454545454546
Sarugupuli 10kgs,E,8250.0,177.0,1770.0,In Weight,0.21454545454545454
Thosaipuli 40kgs,E,8250.0,40.0,1600.0,In Weight,0.19393939393939394
Sarugupuli 10kgs,E,8250.0,200.0,2000.0,In Weight,0.24242424242424243
Kottaipuli,C,3750.0,44.0,2090.0,In Weight,0.5573333333333333
Sarugupuli 10kgs,C,3750.0,100.0,1000.0,In Weight,0.26666666666666666
Kottaipuli,C,3750.0,110.0,5175.0,In Weight,1.38
Sarugupuli 10kgs,C,3750.0,290.0,2900.0,In Weight,0.7733333333333333
Sarugupuli 10kgs,A,6250.0,141.0,1410.0,In Weight,0.2256
Sarugupuli 10kgs,A,6250.0,85.0,850.0,In Weight,0.136
Sarugupuli 10kgs,C,3750.0,235.0,2350.0,In Weight,0.6266666666666667
Sarugupuli 10kgs,D,8000.0,226.0,2260.0,In Weight,0.2825
Sarukupuli 5kgs,D,8000.0,476.0,2380.0,In Weight,0.2975
Sarugupuli 10kgs,D,8000.0,200.0,2000.0,In Weight,0.25
Kottaipuli,D,8000.0,51.0,2655.0,In Weight,0.331875
Sarugupuli 10kgs,D,8000.0,270.0,2700.0,In Weight,0.3375
Sarugupuli 10kgs,B,2750.0,200.0,2000.0,In Weight,0.7272727272727273
Sarugupuli 10kgs,E,8250.0,101.0,1010.0,In Weight,0.12242424242424242
Sarugupuli 10kgs,D,8000.0,113.0,1130.0,In Weight,0.14125
Sarugupuli 10kgs,A,6250.0,147.0,1470.0,In Weight,0.2352
Sarugupuli 10kgs,C,3750.0,86.0,860.0,In Weight,0.22933333333333333
Thosaipuli 40kgs,A,6250.0,40.0,1600.0,In Weight,0.256
Thosaipuli 40kgs,A,6250.0,45.0,1800.0,In Weight,0.288
Sarugupuli 10kgs,D,8000.0,141.0,1410.0,In Weight,0.17625
Sarugupuli 10kgs,D,8000.0,60.0,600.0,In Weight,0.075
Sarugupuli 10kgs,D,8000.0,33.0,330.0,In Weight,0.04125
Kottaipuli,D,8000.0,99.0,5300.0,In Weight,0.6625
Sarugupuli 10kgs,B,2750.0,133.0,1330.0,In Weight,0.48363636363636364
Sarugupuli 10kgs,C,3750.0,55.0,550.0,In Weight,0.14666666666666667
Sarugupuli 10kgs,C,3750.0,33.0,330.0,In Weight,0.088
Sarugupuli 10kgs,B,2750.0,100.0,1000.0,In Weight,0.36363636363636365
sundal 50kgs,C,3750.0,100.0,5155.0,In Weight,1.3746666666666667
Sarugupuli,B,2750.0,80.0,800.0,In Weight,0.2909090909090909
Sarugupuli 10kgs,C,3750.0,134.0,1340.0,In Weight,0.35733333333333334
Sarugupuli 10kgs,B,2750.0,99.0,990.0,In Weight,0.36
Sarugupuli 10kgs,B,2750.0,125.0,1250.0,In Weight,0.45454545454545453
sarugupuli 30kg,C,3750.0,6.0,180.0,In Weight,0.048
Sarugupuli 30KGS,B,2750.0,354.0,10620.0,In Weight,3.861818181818182
Sarugupuli 10kgs,B,2750.0,191.0,1910.0,In Weight,0.6945454545454546
Sarugupuli 40kgs,B,2750.0,70.0,2800.0,In Weight,1.018181818181818
Sarugupuli 10kgs,C,3750.0,196.0,1960.0,In Weight,0.5226666666666666
Kottaipuli,A,6250.0,95.0,6225.0,In Weight,0.996
Sarugupuli 10kgs,C,3750.0,176.0,1760.0,In Weight,0.4693333333333333
Sarugupuli 10kgs,B,2750.0,165.0,1650.0,In Weight,0.6
Sarugupuli 30KGS,E,8250.0,300.0,9000.0,In Weight,1.0909090909090908
Sarugupuli 10kgs,E,8250.0,380.0,3800.0,In Weight,0.46060606060606063
Sarugupuli 10kgs,E,8250.0,201.0,2010.0,In Weight,0.24363636363636362
Sarugupuli 10kgs,B,2750.0,135.0,1350.0,In Weight,0.4909090909090909
Sarugupuli 10kgs,B,2750.0,175.0,1750.0,In Weight,0.6363636363636364
Sarugupuli 10kgs,A,6250.0,107.0,1070.0,In Weight,0.1712
Sarugupuli 10kgs,E,8250.0,220.0,2200.0,In Weight,0.26666666666666666
Sarugupuli 10kgs,A,6250.0,60.0,600.0,In Weight,0.096
Sarugupuli 10kgs,A,6250.0,12.0,120.0,In Weight,0.0192
Sarugupuli 10kgs,E,8250.0,120.0,1200.0,In Weight,0.14545454545454545
Sarukupuli 5kgs,E,8250.0,50.0,250.0,In Weight,0.030303030303030304
Sarugupuli 10kgs,E,8250.0,218.0,2180.0,In Weight,0.2642424242424242
Sarugupuli 10kgs,B,2750.0,500.0,5000.0,In Weight,1.8181818181818181
Sarugupuli 10kgs,B,2750.0,324.0,3240.0,In Weight,1.1781818181818182
Sarugupuli 10kgs,A,6250.0,61.0,610.0,In Weight,0.0976
Sarugupuli 10kgs,A,6250.0,61.0,610.0,In Weight,0.0976
Sarugupuli 10kgs,E,8250.0,94.0,940.0,In Weight,0.11393939393939394
Sarugupuli 10kgs,C,3750.0,113.0,1130.0,In Weight,0.30133333333333334
Sarugupuli 10kgs,A,6250.0,23.0,230.0,In Weight,0.0368
Sarugupuli 10kgs,C,3750.0,178.0,1780.0,In Weight,0.4746666666666667
Sarugupuli 10kgs,A,6250.0,115.0,1150.0,In Weight,0.184
sundal 50kgs,B,2750.0,108.0,5485.0,In Weight,1.9945454545454546
Sarugupuli 10kgs,A,6250.0,518.0,5180.0,In Weight,0.8288
Sarugupuli 10kgs,B,2750.0,46.0,460.0,In Weight,0.16727272727272727
Sarugupuli 10kgs,E,8250.0,125.0,1250.0,In Weight,0.15151515151515152
Sarugupuli 10kgs,E,8250.0,50.0,500.0,In Weight,0.06060606060606061
Kottaipuli,E,8250.0,40.0,1670.0,In Weight,0.20242424242424242
Sarugupuli 10kgs,A,6250.0,367.0,3670.0,In Bags,0.5872
Sundal 30kgs,E,8250.0,766.0,23285.0,In Bags,2.8224242424242423
Sundal 30kgs,D,8000.0,768.0,23320.0,In Bags,2.915
Sarugupuli 10kgs,D,8000.0,93.0,930.0,In Weight,0.11625
Sarugupuli 10kgs,B,2750.0,52.0,520.0,In Weight,0.1890909090909091
Sarugupuli 10kgs,E,8250.0,34.0,340.0,In Bags,0.041212121212121214
Kottaipuli,A,6250.0,63.0,3130.0,In Weight,0.5008
Sarugupuli 10kgs,E,8250.0,219.0,2190.0,In Weight,0.26545454545454544
Sarugupuli 10kgs,E,8250.0,52.0,520.0,In Weight,0.06303030303030303
Sarugupuli 10kgs,E,8250.0,159.0,1590.0,In Weight,0.19272727272727272
Sarugupuli 10kgs,A,6250.0,229.0,2290.0,In Weight,0.3664
Sarugupuli 10kgs,B,2750.0,30.0,300.0,In Bags,0.10909090909090909
Kottaipuli,A,6250.0,240.0,12270.0,In Bags,1.9632
Kottaipuli,A,6250.0,400.0,20505.0,In Bags,3.2808
Sarugupuli 10kgs,B,2750.0,101.0,1010.0,In Bags,0.36727272727272725
Sarugupuli 10kgs,B,2750.0,65.0,650.0,In Bags,0.23636363636363636
Sarugupuli,A,6250.0,26.0,1345.0,In Bags,0.2152
Kottaipuli,E,8250.0,300.0,17580.0,In Bags,2.130909090909091
Sarugupuli 10kgs,D,8000.0,159.0,1590.0,In Bags,0.19875
Seyakkai,E,8250.0,210.0,8540.0,In Bags,1.0351515151515152
Sarugupuli 30KGS,A,6250.0,29.0,870.0,In Bags,0.1392
Sarugupuli 10kgs,A,6250.0,78.0,780.0,In Bags,0.1248
Seyakkai,D,8000.0,233.0,9495.0,In Bags,1.186875
Sarugupuli 20kgs,E,8250.0,300.0,6025.0,In Bags,0.7303030303030303
Sarugupuli 10kgs,E,8250.0,250.0,2500.0,In Bags,0.30303030303030304
Sarugupuli 10kgs,C,3750.0,162.0,1620.0,In Bags,0.432
Sarugupuli 10kgs,C,3750.0,183.0,1830.0,In Bags,0.488
Sarugupuli 10kgs,C,3750.0,68.0,680.0,In Bags,0.18133333333333335
Kottaipuli,E,8250.0,61.0,3580.0,In Bags,0.43393939393939396
Ellu,E,8250.0,165.0,12650.0,In Bags,1.5333333333333334
Sarukupuli 5kgs,B,2750.0,155.0,775.0,In Bags,0.2818181818181818
Sarugupuli 10kgs,C,3750.0,220.0,2200.0,In Bags,0.5866666666666667
Sarugupuli 30KGS,B,2750.0,267.0,8060.0,In Bags,2.930909090909091
Sarugupuli 10kgs,E,8250.0,122.0,1220.0,In Bags,0.1478787878787879
Sarugupuli 10kgs,E,8250.0,22.0,220.0,In Bags,0.02666666666666667
Kottaipuli,E,8250.0,499.0,25210.0,In Bags,3.0557575757575757
Sarugupuli 10kgs,A,6250.0,190.0,1900.0,In Bags,0.304
Kottaipuli,D,8000.0,199.0,11740.0,In Bags,1.4675
sarugupuli 30kg,B,2750.0,95.0,2855.0,In Bags,1.038181818181818
Ellu,A,6250.0,102.0,7785.0,In Bags,1.2456
Kottaipuli,A,6250.0,301.0,15365.0,In Bags,2.4584
Thosaipuli 40kgs,B,2750.0,21.0,840.0,In Bags,0.3054545454545455
Thosaipuli 40kgs,B,2750.0,22.0,880.0,In Bags,0.32
sundal 50kgs,E,8250.0,100.0,5000.0,In Bags,0.6060606060606061
Thosaipuli 40kgs,A,6250.0,21.0,840.0,In Bags,0.1344
Sarugupuli 10kgs,C,3750.0,32.0,320.0,In Bags,0.08533333333333333
Thosaipuli 40kgs,A,6250.0,5.0,200.0,In Bags,0.032
Sarugupuli,A,6250.0,100.0,4575.0,In Bags,0.732
Sarugupuli 10kgs,E,8250.0,197.0,1970.0,In Bags,0.2387878787878788
Sarugupuli 10kgs,A,6250.0,239.0,2390.0,In Bags,0.3824
Sarugupuli 10kgs,A,6250.0,204.0,2040.0,In Bags,0.3264
Sarugupuli 10kgs,D,8000.0,419.0,4190.0,In Bags,0.52375
Sarugupuli 10kgs,E,8250.0,184.0,1840.0,In Bags,0.22303030303030302
Sarugupuli 30KGS,E,8250.0,290.0,9270.0,In Bags,1.1236363636363635
Kottaipuli,E,8250.0,233.0,11140.0,In Bags,1.3503030303030303
Sarugupuli 10kgs,A,6250.0,70.0,700.0,In Bags,0.112
Seyakkai,C,3750.0,140.0,4895.0,In Bags,1.3053333333333332
Sarugupuli 10kgs,A,6250.0,20.0,200.0,In Bags,0.032
Sarugupuli 10kgs,D,8000.0,136.0,1360.0,In Bags,0.17
Sarugupuli 10kgs,A,6250.0,97.0,970.0,In Bags,0.1552
Sarugupuli 10kgs,D,8000.0,329.0,3290.0,In Bags,0.41125
Sarugupuli 10kgs,A,6250.0,250.0,2500.0,In Bags,0.4
Sarukupuli 5kgs,A,6250.0,50.0,250.0,In Bags,0.04
Sarugupuli 20kgs,A,6250.0,46.0,926.0,In Bags,0.14816
Sarugupuli 15kgs,A,6250.0,49.0,735.0,In Bags,0.1176
Solam 50kgs,E,8250.0,145.0,7250.0,In Bags,0.8787878787878788
Solam 50kgs,E,8250.0,450.0,22470.0,In Bags,2.7236363636363636
Sarugupuli 10kgs,A,6250.0,129.0,1290.0,In Bags,0.2064
Sarugupuli 10kgs,A,6250.0,175.0,1750.0,In Bags,0.28
Sarugupuli 10kgs,A,6250.0,175.0,1750.0,In Bags,0.28
Paakku 45kgs,A,6250.0,4.0,200.0,In Bags,0.032
Kottaipuli,A,6250.0,400.0,25230.0,In Bags,4.0368
Kottaipuli,D,8000.0,449.0,23840.0,In Bags,2.98
Sarugupuli 10kgs,A,6250.0,128.0,1280.0,In Bags,0.2048
Kottaipuli,B,2750.0,449.0,24030.0,In Bags,8.738181818181818
Kottaipuli,E,8250.0,395.0,24260.0,In Bags,2.9406060606060604
Kottaipuli,D,8000.0,330.0,19190.0,In Bags,2.39875
Kottaipuli,E,8250.0,408.0,24865.0,In Bags,3.013939393939394
Kottaipuli,A,6250.0,70.0,3965.0,In Bags,0.6344
Kottaipuli,C,3750.0,50.0,2760.0,In Bags,0.736
Kottaipuli,D,8000.0,338.0,18775.0,In Bags,2.346875
Kottaipuli,A,6250.0,420.0,21270.0,In Bags,3.4032
Kottaipuli,E,8250.0,335.0,19245.0,In Bags,2.3327272727272725
Kottaipuli,D,8000.0,597.0,24955.0,In Bags,3.119375
Sarugupuli 10kgs,B,2750.0,252.0,2520.0,In Bags,0.9163636363636364
Kottaipuli,E,8250.0,316.0,20175.0,In Bags,2.4454545454545453
sarugupuli 30kg,A,6250.0,200.0,6055.0,In Bags,0.9688
Sarugupuli 10kgs,A,6250.0,410.0,4100.0,In Bags,0.656
Kottaipuli,B,2750.0,127.0,6540.0,In Bags,2.3781818181818184
Sarugupuli 10kgs,A,6250.0,105.0,1050.0,In Bags,0.168
Kottaipuli,B,2750.0,147.0,7940.0,In Bags,2.887272727272727
sarugupuli 30kg,B,2750.0,149.0,5210.0,In Bags,1.8945454545454545
Kottaipuli,C,3750.0,300.0,15830.0,In Bags,4.221333333333333
Kottaipuli,C,3750.0,394.0,15775.0,In Bags,4.206666666666667
Kottaipuli,A,6250.0,30.0,1960.0,In Bags,0.3136
Kottaipuli,D,8000.0,209.0,11295.0,In Bags,1.411875
Kottaipuli,B,2750.0,346.0,17930.0,In Bags,6.52
Sarugupuli 10kgs,A,6250.0,247.0,2470.0,In Bags,0.3952
Kottaipuli,B,2750.0,185.0,9230.0,In Bags,3.3563636363636364
Kottaipuli,E,8250.0,133.0,5315.0,In Bags,0.6442424242424243
sarugupuli 30kg,A,6250.0,100.0,2835.0,In Bags,0.4536
Kottaipuli,D,8000.0,400.0,25090.0,In Bags,3.13625
Sarugupuli 10kgs,A,6250.0,106.0,1060.0,In Bags,0.1696
Sarugupuli 10kgs,A,6250.0,156.0,1560.0,In Bags,0.2496
Sarugupuli 10kgs,A,6250.0,200.0,2000.0,In Bags,0.32
Kottaipuli,A,6250.0,32.0,2215.0,In Bags,0.3544
Sundal 30kgs,D,8000.0,333.0,9920.0,In Bags,1.24
mosai50kgs,B,2750.0,50.0,2500.0,In Bags,0.9090909090909091
Sarugupuli 10kgs,C,3750.0,200.0,2000.0,In Bags,0.5333333333333333
Sarugupuli 10kgs,D,8000.0,200.0,2000.0,In Bags,0.25
Sarugupuli 10kgs,C,3750.0,200.0,2000.0,In Bags,0.5333333333333333
Sarugupuli 10kgs,C,3750.0,200.0,2000.0,In Bags,0.5333333333333333
Sarugupuli 10kgs,C,3750.0,100.0,1000.0,In Bags,0.26666666666666666
Sarugupuli 10kgs,C,3750.0,200.0,2000.0,In Bags,0.5333333333333333
Sarugupuli 10kgs,A,6250.0,209.0,2090.0,In Bags,0.3344
Kottaipuli,A,6250.0,139.0,6120.0,In Bags,0.9792
Kottaipuli,A,6250.0,120.0,5425.0,In Bags,0.868
Kottaipuli,C,3750.0,84.0,3790.0,In Bags,1.0106666666666666
Sundal 30kgs,D,8000.0,16.0,480.0,In Bags,0.06
Sarugupuli 10kgs,B,2750.0,188.0,1880.0,In Bags,0.6836363636363636
Kottaipuli,A,6250.0,501.0,25020.0,In Bags,4.0032
Sarugupuli 10kgs,B,2750.0,504.0,5040.0,In Bags,1.8327272727272728
Sarugupuli 10kgs,A,6250.0,150.0,1500.0,In Bags,0.24
Sarugupuli 10kgs,A,6250.0,42.0,420.0,In Bags,0.0672
Sarugupuli 10kgs,B,2750.0,433.0,4330.0,In Bags,1.5745454545454545
Kottaipuli,A,6250.0,15.0,850.0,In Bags,0.136
Sarugupuli 10kgs,A,6250.0,995.0,9950.0,In Bags,1.592
sarugupuli 30kg,A,6250.0,299.0,11195.0,In Bags,1.7912
Sarugupuli 10kgs,C,3750.0,585.0,5850.0,In Bags,1.56
Sarugupuli 10kgs,C,3750.0,200.0,2000.0,In Bags,0.5333333333333333
Sarugupuli 10kgs,C,3750.0,450.0,4500.0,In Bags,1.2
Sarugupuli 10kgs,E,8250.0,200.0,2000.0,In Bags,0.24242424242424243
Sarugupuli 10kgs,E,8250.0,200.0,2000.0,In Bags,0.24242424242424243
Sarugupuli 10kgs,A,6250.0,92.0,920.0,In Bags,0.1472
Sarugupuli 10kgs,A,6250.0,41.0,410.0,In Bags,0.0656
ullundu 50kgs,E,8250.0,500.0,24325.0,In Bags,2.9484848484848483
ullundu 50kgs,B,2750.0,400.0,19895.0,In Bags,7.234545454545454
Sarugupuli 10kgs,C,3750.0,600.0,6000.0,In Bags,1.6
ullundu 50kgs,A,6250.0,490.0,24625.0,In Bags,3.94
Kottaipuli,B,2750.0,50.0,2530.0,In Bags,0.92
Kottaipuli,B,2750.0,360.0,18230.0,In Bags,6.629090909090909
Sarugupuli 10kgs,A,6250.0,59.0,590.0,In Bags,0.0944
Sarugupuli 10kgs,B,2750.0,85.0,850.0,In Bags,0.3090909090909091
Sarugupuli 10kgs,A,6250.0,208.0,2080.0,In Bags,0.3328
ullundu 50kgs,D,8000.0,500.0,25005.0,In Bags,3.125625
ullundu 50kgs,D,8000.0,500.0,25085.0,In Bags,3.135625
Kottaipuli,C,3750.0,175.0,10575.0,In Bags,2.82
Kottaipuli,A,6250.0,139.0,7285.0,In Bags,1.1656
Kottaipuli,B,2750.0,208.0,11115.0,In Bags,4.041818181818182
Kottaipuli,B,2750.0,76.0,3690.0,In Bags,1.3418181818181818
ullundu 50kgs,E,8250.0,387.0,24685.0,In Bags,2.992121212121212
Sarugupuli 10kgs,A,6250.0,84.0,840.0,In Bags,0.1344
Sarugupuli 10kgs,A,6250.0,59.0,590.0,In Bags,0.0944
Sarugupuli 10kgs,A,6250.0,50.0,500.0,In Bags,0.08
More Milakai,C,3750.0,60.0,3115.0,In Bags,0.8306666666666667
Sarugupuli 10kgs,A,6250.0,130.0,1300.0,In Bags,0.208
Kottaipuli,B,2750.0,163.0,7740.0,In Bags,2.8145454545454545
Kottaipuli,B,2750.0,148.0,7550.0,In Bags,2.7454545454545456
Kottaipuli,A,6250.0,256.0,14590.0,In Bags,2.3344
Kottaipuli,D,8000.0,373.0,22040.0,In Bags,2.755
Kottaipuli,A,6250.0,200.0,10150.0,In Bags,1.624
Sarugupuli 10kgs,A,6250.0,235.0,2350.0,In Bags,0.376
Sarugupuli 10kgs,A,6250.0,263.0,2630.0,In Bags,0.4208
Kottaipuli,A,6250.0,157.0,8125.0,In Bags,1.3
Kottaipuli,D,8000.0,320.0,16120.0,In Bags,2.015
Kottaipuli,B,2750.0,86.0,4660.0,In Bags,1.6945454545454546
Kottaipuli,B,2750.0,340.0,17630.0,In Bags,6.410909090909091
Kottaipuli,B,2750.0,101.0,5240.0,In Bags,1.9054545454545455
sarugupuli 30kg,A,6250.0,60.0,1800.0,In Bags,0.288
Sarugupuli 10kgs,A,6250.0,150.0,1500.0,In Bags,0.24
Sarugupuli,B,2750.0,200.0,8505.0,In Bags,3.0927272727272728
sarugupuli 30kg,A,6250.0,40.0,1200.0,In Bags,0.192
Kottaipuli,A,6250.0,64.0,3320.0,In Bags,0.5312
Kottaipuli,A,6250.0,130.0,6745.0,In Bags,1.0792
Sarugupuli 30KGS,A,6250.0,235.0,8305.0,In Bags,1.3288
Sarugupuli 10kgs,D,8000.0,400.0,4000.0,In Bags,0.5
Sarugupuli 10kgs,D,8000.0,317.0,3170.0,In Bags,0.39625
Sarugupuli 30KGS,B,2750.0,188.0,5710.0,In Bags,2.076363636363636
Sarugupuli 10kgs,A,6250.0,96.0,960.0,In Bags,0.1536
Kottaipuli,A,6250.0,140.0,7220.0,In Bags,1.1552
Kottaipuli,A,6250.0,168.0,8275.0,In Bags,1.324
ullundu 50kgs,D,8000.0,250.0,24845.0,In Bags,3.105625
Sarugupuli 10kgs,A,6250.0,204.0,2040.0,In Bags,0.3264
Sarugupuli 10kgs,A,6250.0,423.0,4230.0,In Bags,0.6768
Kottaipuli,D,8000.0,701.0,24930.0,In Bags,3.11625
Sarugupuli,E,8250.0,165.0,9415.0,In Bags,1.1412121212121211
Sarugupuli 10kgs,A,6250.0,35.0,350.0,In Bags,0.056
Sarugupuli 10kgs,A,6250.0,200.0,2000.0,In Bags,0.32
Sarugupuli,A,6250.0,160.0,5600.0,In Bags,0.896
Sarugupuli 10kgs,A,6250.0,90.0,900.0,In Bags,0.144
Sarugupuli 10kgs,A,6250.0,178.0,1780.0,In Bags,0.2848
Sarugupuli,B,2750.0,167.0,10155.0,In Bags,3.692727272727273
Sarugupuli,B,2750.0,450.0,13875.0,In Bags,5.045454545454546
Sarugupuli 10kgs,A,6250.0,295.0,2950.0,In Bags,0.472
Sarugupuli 10kgs,A,6250.0,437.0,4370.0,In Bags,0.6992
Sarugupuli 30KGS,D,8000.0,540.0,16200.0,In Bags,2.025
sundal 50kgs,E,8250.0,70.0,3500.0,In Bags,0.42424242424242425
Sarugupuli 10kgs,A,6250.0,376.0,3760.0,In Bags,0.6016
Sarugupuli 10kgs,A,6250.0,418.0,4180.0,In Weight,0.6688
Sarugupuli 10kgs,A,6250.0,350.0,3500.0,In Bags,0.56
Thattaipairu 50kg,A,6250.0,16.0,805.0,In Bags,0.1288
Sarugupuli,A,6250.0,443.0,4430.0,In Bags,0.7088
Sarugupuli 30KGS,D,8000.0,343.0,10395.0,In Bags,1.299375
Kottaipuli,B,2750.0,156.0,7945.0,In Bags,2.889090909090909
Kottaipuli,A,6250.0,100.0,5030.0,In Bags,0.8048
Sarugupuli 10kgs,A,6250.0,481.0,4810.0,In Bags,0.7696
Thattaipairu 50kg,A,6250.0,190.0,9500.0,In Bags,1.52
Thattaipairu 50kg,A,6250.0,60.0,3000.0,In Bags,0.48
Thattaipairu 50kg,A,6250.0,65.0,3250.0,In Bags,0.52
Sarugupuli 10kgs,A,6250.0,247.0,2470.0,In Bags,0.3952
Thattaipairu 50kg,A,6250.0,125.0,6250.0,In Bags,1.0
Beens Seed,A,6250.0,34.0,1730.0,In Weight,0.2768
Thattaipairu 50kg,A,6250.0,60.0,3000.0,In Bags,0.48
Sarugupuli 30KGS,A,6250.0,50.0,1500.0,In Bags,0.24
Thattaipairu 50kg,A,6250.0,65.0,3250.0,In Bags,0.52
Thattaipairu 50kg,A,6250.0,65.0,3250.0,In Bags,0.52
Thattaipairu 50kg,E,8250.0,65.0,3250.0,In Bags,0.3939393939393939
Thattaipairu 50kg,C,3750.0,30.0,1500.0,In Weight,0.4
Kottaipuli,C,3750.0,218.0,12805.0,In Bags,3.4146666666666667
Kottaipuli,C,3750.0,216.0,12940.0,In Bags,3.4506666666666668
Sarugupuli 10kgs,A,6250.0,305.0,3050.0,In Bags,0.488
Sarugupuli 10kgs,A,6250.0,164.0,1640.0,In Bags,0.2624
Sarugupuli 10kgs,A,6250.0,560.0,5600.0,In Bags,0.896
Sarugupuli 30KGS,A,6250.0,201.0,6030.0,In Bags,0.9648
Thattaipairu 50kg,A,6250.0,65.0,3250.0,In Bags,0.52
Kottaipuli,A,6250.0,140.0,4665.0,In Bags,0.7464
Kottaipuli,A,6250.0,79.0,4045.0,In Bags,0.6472
Kottaipuli,E,8250.0,110.0,5785.0,In Bags,0.7012121212121212
Sarugupuli 10kgs,A,6250.0,530.0,5300.0,In Bags,0.848
Thattaipairu 50kg,C,3750.0,100.0,5000.0,In Weight,1.3333333333333333
Sarugupuli 30KGS,A,6250.0,23.0,690.0,In Bags,0.1104
mosai50kgs,B,2750.0,300.0,15060.0,In Weight,5.4763636363636365
Sarugupuli 10kgs,A,6250.0,307.0,3070.0,In Bags,0.4912
Kottaipuli,C,3750.0,46.0,2385.0,In Weight,0.636
Thattaipairu 50kg,A,6250.0,65.0,3250.0,In Bags,0.52
Sarugupuli 10kgs,A,6250.0,485.0,5530.0,In Bags,0.8848
Kottaipuli,A,6250.0,31.0,1130.0,In Bags,0.1808
Kottaipuli,E,8250.0,52.0,2600.0,In Weight,0.3151515151515151
Kottaipuli,A,6250.0,30.0,1470.0,In Bags,0.2352
Thattaipairu 50kg,A,6250.0,65.0,3250.0,In Bags,0.52
Kottaipuli,E,8250.0,76.0,3900.0,In Weight,0.4727272727272727
Kottaipuli,E,8250.0,70.0,4245.0,In Weight,0.5145454545454545
Sarugupuli 10kgs,D,8000.0,542.0,5420.0,In Bags,0.6775
Kottaipuli,E,8250.0,70.0,4260.0,In Weight,0.5163636363636364
Kottaipuli,C,3750.0,220.0,12065.0,In Bags,3.2173333333333334
Thattaipairu 50kg,A,6250.0,65.0,3250.0,In Bags,0.52
Kottaipuli,E,8250.0,259.0,14635.0,In Bags,1.773939393939394
Pasi payar,C,3750.0,500.0,25220.0,In Weight,6.725333333333333
Kottaipuli,C,3750.0,202.0,11240.0,In Bags,2.997333333333333
Kottaipuli,C,3750.0,117.0,6625.0,In Weight,1.7666666666666666
Paakku 45kgs,C,3750.0,36.0,1620.0,In Weight,0.432
Paakku 45kgs,C,3750.0,36.0,1620.0,In Weight,0.432
Kottaipuli,C,3750.0,40.0,2045.0,In Weight,0.5453333333333333
Sarugupuli 10kgs,A,6250.0,351.0,3510.0,In Weight,0.5616
mosai50kgs,C,3750.0,47.0,2350.0,In Weight,0.6266666666666667
Kottaipuli,C,3750.0,40.0,2055.0,In Weight,0.548
Sarugupuli 25Kgs,D,8000.0,1000.0,25520.0,In Bags,3.19
Sarugupuli 10kgs,A,6250.0,402.0,4020.0,In Bags,0.6432
Sarugupuli 10kgs,A,6250.0,420.0,4200.0,In Bags,0.672
mosai50kgs,C,3750.0,30.0,1500.0,In Weight,0.4
Kottaipuli,C,3750.0,49.0,2725.0,In Weight,0.7266666666666667
sundal 50kgs,C,3750.0,200.0,10140.0,In Weight,2.704
Kottaipuli,E,8250.0,120.0,6395.0,In Weight,0.7751515151515151
Kottaipuli,C,3750.0,40.0,2050.0,In Weight,0.5466666666666666
sundal 50kgs,C,3750.0,46.0,2300.0,In Weight,0.6133333333333333
sundal 50kgs,C,3750.0,173.0,8740.0,In Weight,2.3306666666666667
sundal 50kgs,C,3750.0,192.0,9785.0,In Weight,2.6093333333333333
Sarugupuli 10kgs,A,6250.0,300.0,3000.0,In Bags,0.48
sundal 50kgs,C,3750.0,75.0,3750.0,In Weight,1.0
sundal 50kgs,C,3750.0,27.0,1350.0,In Weight,0.36
sundal 50kgs,C,3750.0,8.0,400.0,In Weight,0.10666666666666667
sundal 50kgs,E,8250.0,62.0,3100.0,In Weight,0.37575757575757573
sundal 50kgs,E,8250.0,38.0,1900.0,In Weight,0.23030303030303031
OTTU PULI NEW,C,3750.0,250.0,10155.0,In Weight,2.708
OTTU PULI NEW,C,3750.0,250.0,10150.0,In Weight,2.7066666666666666
Kottaipuli,C,3750.0,110.0,5560.0,In Weight,1.4826666666666666
Kottaipuli,A,6250.0,84.0,1050.0,In Bags,0.168
Kottaipuli,E,8250.0,50.0,2540.0,In Weight,0.30787878787878786
mosai50kgs,C,3750.0,52.0,2600.0,In Weight,0.6933333333333334
OTTU PULI NEW,D,8000.0,250.0,10140.0,In Weight,1.2675
Sarugupuli 10kgs,A,6250.0,649.0,6490.0,In Bags,1.0384
Kottaipuli,B,2750.0,191.0,10005.0,In Weight,3.638181818181818
Paakku 45kgs,C,3750.0,36.0,1620.0,In Weight,0.432
OTTU PULI NEW,D,8000.0,250.0,10115.0,In Weight,1.264375
Thattaipairu 50kg,C,3750.0,100.0,5000.0,In Weight,1.3333333333333333
Sarugupuli 10kgs,A,6250.0,405.0,4050.0,In Weight,0.648
Kottaipuli,E,8250.0,51.0,2620.0,In Weight,0.31757575757575757
Kottaipuli,D,8000.0,625.0,25645.0,In Weight,3.205625
Kottaipuli,E,8250.0,70.0,3750.0,In Weight,0.45454545454545453
Kottaipuli,B,2750.0,220.0,13395.0,In Weight,4.870909090909091
Kottaipuli,C,3750.0,96.0,5075.0,In Weight,1.3533333333333333
OTTU PULI NEW,D,8000.0,250.0,10195.0,In Weight,1.274375
Sarugupuli 25Kgs,D,8000.0,996.0,24900.0,In Weight,3.1125
Kottaipuli,D,8000.0,81.0,4355.0,In Weight,0.544375
Kottaipuli,D,8000.0,625.0,25565.0,In Weight,3.195625
mosai50kgs,D,8000.0,46.0,2300.0,In Weight,0.2875
Kottaipuli,D,8000.0,411.0,24620.0,In Weight,3.0775
OTTU PULI NEW,D,8000.0,250.0,10200.0,In Weight,1.275
Kottaipuli,C,3750.0,80.0,4040.0,In Weight,1.0773333333333333
Kottaipuli,C,3750.0,40.0,2055.0,In Weight,0.548
Kottaipuli,D,8000.0,157.0,4785.0,In Weight,0.598125
Kottaipuli,C,3750.0,26.0,1330.0,In Weight,0.3546666666666667
Kottaipuli,D,8000.0,68.0,3960.0,In Weight,0.495
OTTU PULI NEW,A,6250.0,250.0,10225.0,In Weight,1.636
OTTU PULI NEW,A,6250.0,250.0,10190.0,In Weight,1.6304
Kottaipuli,E,8250.0,200.0,10270.0,In Weight,1.2448484848484849
Kottaipuli,A,6250.0,490.0,17575.0,In Weight,2.812
Sarugupuli 15kgs,D,8000.0,200.0,3000.0,In Weight,0.375
Sarugupuli 15kgs,D,8000.0,190.0,4150.0,In Weight,0.51875
Kottaipuli,C,3750.0,80.0,4040.0,In Weight,1.0773333333333333
Kollu 50kgs,D,8000.0,55.0,2750.0,In Weight,0.34375
Kottaipuli,A,6250.0,720.0,25225.0,In Weight,4.036
Sarugupuli 10kgs,B,2750.0,500.0,5000.0,In Weight,1.8181818181818181
Sarugupuli 10kgs,B,2750.0,250.0,2500.0,In Weight,0.9090909090909091
Pottato,E,8250.0,97.0,4860.0,In Weight,0.5890909090909091
Sarugupuli 10kgs,A,6250.0,160.0,1600.0,In Weight,0.256
OTTU PULI NEW,A,6250.0,250.0,10135.0,In Weight,1.6216
Sarugupuli 30KGS,D,8000.0,340.0,10320.0,In Weight,1.29
Kottaipuli,E,8250.0,24.0,1230.0,In Weight,0.14909090909090908
mosai50kgs,D,8000.0,55.0,2750.0,In Weight,0.34375
OTTU PULI NEW,A,6250.0,250.0,10180.0,In Weight,1.6288
OTTU PULI NEW,A,6250.0,250.0,10080.0,In Weight,1.6128
Kottaipuli,D,8000.0,27.0,1495.0,In Weight,0.186875
Kottaipuli,C,3750.0,49.0,3430.0,In Weight,0.9146666666666666
sundal 50kgs,D,8000.0,57.0,2850.0,In Weight,0.35625
Dates,B,2750.0,25.0,830.0,In Weight,0.3018181818181818
OTTU PULI NEW,C,3750.0,250.0,10090.0,In Weight,2.6906666666666665
Kottaipuli,C,3750.0,48.0,2765.0,In Weight,0.7373333333333333
Sarugupuli 10kgs,A,6250.0,278.0,2780.0,In Weight,0.4448
Sarugupuli 10kgs,A,6250.0,276.0,2760.0,In Weight,0.4416
Milagai Vathal New,D,8000.0,135.0,2290.0,In Weight,0.28625
Sarugupuli 30KGS,C,3750.0,84.0,2535.0,In Weight,0.676
Kottaipuli,C,3750.0,70.0,4220.0,In Weight,1.1253333333333333
Sarugupuli 10kgs,A,6250.0,225.0,2250.0,In Weight,0.36
OTTU PULI NEW,C,3750.0,250.0,10075.0,In Weight,2.6866666666666665
Kottaipuli,E,8250.0,35.0,2040.0,In Weight,0.24727272727272728
OTTU PULI NEW,C,3750.0,250.0,10015.0,In Weight,2.6706666666666665
Kottaipuli,E,8250.0,44.0,2610.0,In Weight,0.31636363636363635
Sarugupuli 10kgs,D,8000.0,253.0,2530.0,In Weight,0.31625
Sarugupuli 30KGS,D,8000.0,1002.0,23215.0,In Weight,2.901875
Kottaipuli,C,3750.0,100.0,5820.0,In Weight,1.552
mosai50kgs,C,3750.0,180.0,9055.0,In Weight,2.4146666666666667
Kottaipuli,B,2750.0,250.0,12900.0,In Weight,4.6909090909090905
Kottaipuli,B,2750.0,200.0,10340.0,In Weight,3.76
OTTU PULI NEW,B,2750.0,250.0,10605.0,In Weight,3.8563636363636364
OTTU PULI NEW,E,8250.0,250.0,10270.0,In Weight,1.2448484848484849
Sarugupuli 10kgs,A,6250.0,71.0,710.0,In Weight,0.1136
Sarugupuli 10kgs,D,8000.0,669.0,6690.0,In Weight,0.83625
Pottato,D,8000.0,149.0,7350.0,In Weight,0.91875
Kottaipuli,B,2750.0,309.0,15890.0,In Weight,5.778181818181818
Kottaipuli,E,8250.0,54.0,3200.0,In Weight,0.3878787878787879
sundal 50kgs,D,8000.0,58.0,2900.0,In Weight,0.3625
Kottaipuli,E,8250.0,35.0,2060.0,In Weight,0.2496969696969697
Kottaipuli,C,3750.0,84.0,4185.0,In Weight,1.116
Kottaipuli,B,2750.0,70.0,3635.0,In Weight,1.3218181818181818
Kottaipuli,E,8250.0,73.0,4310.0,In Weight,0.5224242424242425
Kottaipuli,E,8250.0,31.0,1710.0,In Weight,0.20727272727272728
sundal 50kgs,B,2750.0,100.0,5000.0,In Weight,1.8181818181818181
sundal 50kgs,E,8250.0,204.0,10460.0,In Weight,1.2678787878787878
Sarugupuli 10kgs,D,8000.0,405.0,4050.0,In Weight,0.50625
Kottaipuli,E,8250.0,49.0,2560.0,In Weight,0.3103030303030303
Sarugupuli 10kgs,A,6250.0,50.0,500.0,In Weight,0.08
Sarugupuli 10kgs,D,8000.0,400.0,4000.0,In Weight,0.5
Milagai Vathal New,C,3750.0,50.0,1010.0,In Weight,0.2693333333333333
Kottaipuli,B,2750.0,70.0,3335.0,In Weight,1.2127272727272727
Kottaipuli,E,8250.0,67.0,3880.0,In Weight,0.4703030303030303
Milagai Vathal New,E,8250.0,165.0,2805.0,In Weight,0.34
Kottaipuli,E,8250.0,60.0,3135.0,In Weight,0.38
mosai50kgs,B,2750.0,234.0,11900.0,In Weight,4.327272727272727
Kollu 50kgs,D,8000.0,60.0,3000.0,In Weight,0.375
Kottaipuli,B,2750.0,107.0,5305.0,In Weight,1.9290909090909092
Sarugupuli 10kgs,D,8000.0,251.0,2510.0,In Weight,0.31375
Sarugupuli 10kgs,D,8000.0,400.0,4000.0,In Weight,0.5
Kottaipuli,E,8250.0,35.0,2180.0,In Weight,0.2642424242424242
Sarugupuli 30KGS,E,8250.0,50.0,1500.0,In Weight,0.18181818181818182
sundal 50kgs,B,2750.0,90.0,4620.0,In Weight,1.68
Pottato,A,6250.0,54.0,2620.0,In Weight,0.4192
mosai50kgs,B,2750.0,240.0,12085.0,In Weight,4.3945454545454545
Kottaipuli,B,2750.0,205.0,10570.0,In Weight,3.8436363636363637
Sarugupuli 10kgs,A,6250.0,551.0,5510.0,In Weight,0.8816
Kollu 50kgs,E,8250.0,60.0,3000.0,In Weight,0.36363636363636365
Kottaipuli,B,2750.0,82.0,5090.0,In Weight,1.8509090909090908
Kottaipuli,E,8250.0,65.0,3975.0,In Weight,0.4818181818181818
Kottaipuli,A,6250.0,120.0,7180.0,In Weight,1.1488
Sarugupuli 10kgs,D,8000.0,137.0,1370.0,In Weight,0.17125
Sarugupuli 10kgs,D,8000.0,170.0,1700.0,In Weight,0.2125
Kottaipuli,C,3750.0,11.0,665.0,In Weight,0.17733333333333334
Kottaipuli,E,8250.0,61.0,3025.0,In Weight,0.36666666666666664
Kottaipuli,E,8250.0,67.0,4020.0,In Weight,0.48727272727272725
Kottaipuli,E,8250.0,23.0,1315.0,In Weight,0.1593939393939394
Kottaipuli,E,8250.0,16.0,750.0,In Weight,0.09090909090909091
Sarugupuli 10kgs,A,6250.0,99.0,990.0,In Weight,0.1584
Kottaipuli,E,8250.0,33.0,1920.0,In Weight,0.23272727272727273
Kollu 50kgs,E,8250.0,60.0,3000.0,In Weight,0.36363636363636365
Kottaipuli,E,8250.0,65.0,4160.0,In Weight,0.5042424242424243
Sarugupuli 10kgs,A,6250.0,300.0,3000.0,In Weight,0.48
Kottaipuli,B,2750.0,71.0,4155.0,In Weight,1.510909090909091
Kollu 50kgs,E,8250.0,60.0,3000.0,In Weight,0.36363636363636365
mosai50kgs,E,8250.0,108.0,5400.0,In Weight,0.6545454545454545
Kollu 50kgs,E,8250.0,60.0,3000.0,In Weight,0.36363636363636365
Sarugupuli 10kgs,A,6250.0,5.0,50.0,In Weight,0.008
Kottaipuli,E,8250.0,27.0,1310.0,In Weight,0.15878787878787878
Kottaipuli,B,2750.0,67.0,4355.0,In Weight,1.5836363636363637
Kottaipuli,B,2750.0,107.0,5180.0,In Weight,1.8836363636363636
mosai50kgs,C,3750.0,50.0,2500.0,In Weight,0.6666666666666666
Sarugupuli 10kgs,A,6250.0,50.0,500.0,In Weight,0.08
Kottaipuli,B,2750.0,65.0,4095.0,In Weight,1.489090909090909
Kollu 50kgs,E,8250.0,55.0,2750.0,In Weight,0.3333333333333333
Kottaipuli,E,8250.0,55.0,3175.0,In Weight,0.38484848484848483
mosai50kgs,B,2750.0,240.0,12135.0,In Weight,4.412727272727273
Kottaipuli,B,2750.0,200.0,10320.0,In Weight,3.752727272727273
sundal 50kgs,B,2750.0,161.0,8255.0,In Weight,3.001818181818182
Kottaipuli,E,8250.0,14.0,750.0,In Weight,0.09090909090909091
Kottaipuli,B,2750.0,50.0,2810.0,In Weight,1.0218181818181817
Kottaipuli,B,2750.0,217.0,10940.0,In Weight,3.978181818181818
Kottaipuli,B,2750.0,25.0,1285.0,In Weight,0.4672727272727273
Kottaipuli,E,8250.0,13.0,675.0,In Weight,0.08181818181818182
Kottaipuli,B,2750.0,513.0,25380.0,In Weight,9.229090909090909
Kottaipuli,E,8250.0,60.0,3185.0,In Weight,0.38606060606060605
Kottaipuli,B,2750.0,39.0,2530.0,In Weight,0.92
Kottaipuli,B,2750.0,73.0,4190.0,In Weight,1.5236363636363637
sundal 50kgs,B,2750.0,100.0,5000.0,In Weight,1.8181818181818181
Kottaipuli,B,2750.0,221.0,10375.0,In Weight,3.772727272727273
Kottaipuli,E,8250.0,54.0,3080.0,In Weight,0.37333333333333335
Kottaipuli,E,8250.0,23.0,1405.0,In Weight,0.1703030303030303
sundal 50kgs,E,8250.0,60.0,3000.0,In Weight,0.36363636363636365
Kottaipuli,B,2750.0,230.0,14180.0,In Weight,5.156363636363636
Kottaipuli,B,2750.0,80.0,4040.0,In Weight,1.469090909090909
Kollu 50kgs,B,2750.0,220.0,11065.0,In Weight,4.0236363636363635
Kottaipuli,E,8250.0,62.0,3380.0,In Weight,0.40969696969696967
Kottaipuli,E,8250.0,25.0,1400.0,In Weight,0.1696969696969697
Kottaipuli,B,2750.0,32.0,1390.0,In Weight,0.5054545454545455
Sarugupuli 10kgs,B,2750.0,290.0,2900.0,In Weight,1.0545454545454545
Kottaipuli,E,8250.0,11.0,540.0,In Weight,0.06545454545454546
Milagai Vathal New,C,3750.0,78.0,1160.0,In Weight,0.30933333333333335
Kottaipuli,A,6250.0,32.0,1895.0,In Weight,0.3032
Kottaipuli,E,8250.0,15.0,725.0,In Weight,0.08787878787878788
Sarugupuli 10kgs,B,2750.0,47.0,470.0,In Weight,0.1709090909090909
Kottaipuli,E,8250.0,51.0,1950.0,In Weight,0.23636363636363636
Kottaipuli,E,8250.0,32.0,1925.0,In Weight,0.23333333333333334
Kollu 50kgs,A,6250.0,60.0,3000.0,In Weight,0.48
Kottaipuli,B,2750.0,65.0,4085.0,In Weight,1.4854545454545454
Sarugupuli 10kgs,B,2750.0,100.0,1000.0,In Weight,0.36363636363636365
Sarugupuli 10kgs,B,2750.0,60.0,600.0,In Weight,0.21818181818181817
Kottaipuli,A,6250.0,168.0,8785.0,In Weight,1.4056
Sarugupuli 30KGS,A,6250.0,35.0,1050.0,In Weight,0.168
Kottaipuli,A,6250.0,32.0,1690.0,In Weight,0.2704
sundal 50kgs,C,3750.0,180.0,9100.0,In Weight,2.4266666666666667
Kottaipuli,E,8250.0,56.0,3100.0,In Weight,0.37575757575757573
Kottaipuli,E,8250.0,17.0,980.0,In Weight,0.11878787878787879
Kottaipuli,E,8250.0,55.0,3160.0,In Weight,0.38303030303030305
mosai50kgs,C,3750.0,50.0,2500.0,In Weight,0.6666666666666666
Thosaipuli 50kgs,C,3750.0,15.0,750.0,In Weight,0.2
Sarugupuli 10kgs,A,6250.0,100.0,1000.0,In Weight,0.16
Kottaipuli,B,2750.0,65.0,4085.0,In Weight,1.4854545454545454
Milagai Vathal New,C,3750.0,87.0,1340.0,In Weight,0.35733333333333334
Kollu 50kgs,E,8250.0,60.0,3000.0,In Weight,0.36363636363636365
Milagai Vathal New,C,3750.0,67.0,995.0,In Weight,0.2653333333333333
Kottaipuli,C,3750.0,22.0,1465.0,In Weight,0.39066666666666666
Kottaipuli,E,8250.0,22.0,1225.0,In Weight,0.1484848484848485
Kottaipuli,B,2750.0,82.0,4135.0,In Weight,1.5036363636363637
Kottaipuli,B,2750.0,112.0,7130.0,In Weight,2.5927272727272728
Kottaipuli,E,8250.0,35.0,1910.0,In Weight,0.2315151515151515
Sarugupuli 10kgs,B,2750.0,400.0,4000.0,In Weight,1.4545454545454546
Kollu 50kgs,E,8250.0,50.0,2500.0,In Weight,0.30303030303030304
Sarugupuli 10kgs,E,8250.0,60.0,600.0,In Weight,0.07272727272727272
sundal 50kgs,B,2750.0,96.0,4845.0,In Weight,1.7618181818181817
Kottaipuli,B,2750.0,52.0,3255.0,In Weight,1.1836363636363636
Kottaipuli,A,6250.0,40.0,2260.0,In Weight,0.3616
Kottaipuli,A,6250.0,100.0,5145.0,In Weight,0.8232
