"Id","inwarddate","tokenid","customerid","itemid","crno","warehouseid","Total_sqft","lotid","totalqty_noofbags","total_weight","storagemode","status","deliverystaus","UnLoadCharges"
"1511","4/4/2020","4774","Ramasamy.C","Sarugupuli 10kgs","20329","A","5500-7000","1005NE","35","350","In Weight","Completed","Pending","53"
"1512","6/4/2020","4775","Venketasamy.S.V","Sarugupuli 10kgs","20299","B","1500-4000","1056WTOP,1057STOP","120","1200","In Weight","Completed","Pending","180"
"1513","6/4/2020","4777","Kirubalanivash N","Kottaipuli","20332","E","6500-10000","21,732,180","300","12165","In Weight","Completed","Pending","1338"
"1514","6/4/2020","4779","Harjamaideen","Kottaipuli","20333","C","3500-4000","32,803,291","323","13110","In Weight","Completed","Fully Paid","1442"
"1515","6/4/2020","4776","Kar Senthil","Sarugupuli 10kgs","20330","E","6500-10000","2189N","84","4235","In Weight","Completed","Pending","635"
"1516","6/4/2020","4780","Sri Sai Arisimandi","Sarugupuli 10kgs","20334","A","5500-7000","1015STOP","122","1220","In Weight","Completed","Pending","183"
"1517","6/4/2020","4783","Kar Senthil","Kottaipuli","20335","A","5500-7000","1025","65","4115","In Weight","Completed","Pending","453"
"1518","6/4/2020","4785","Selvam V.","Kottaipuli","20331","C","3500-4000","3295N","100","5205","In Weight","Completed","Pending","573"
"1519","6/4/2020","4786","Selvam V.","Kottaipuli","20331","E","6500-10000","4350","100","5175","In Weight","Completed","Pending","569"
"1520","6/4/2020","4787","Siva Dindigul","Sarugupuli 10kgs","20336","D","7000-9000","2132ETOP","86","860","In Weight","Completed","Pending","129"
"1521","6/4/2020","4788","Siva Dindigul","Sarugupuli 10kgs","20337","D","7000-9000","2131ETOP","75","750","In Weight","Completed","Pending","113"
"1522","7/4/2020","4790","Kanmohamed","Sarugupuli 10kgs","20338","C","3500-4000","3292TOP","250","2500","In Weight","Completed","Pending","375"
"1523","7/4/2020","4792","Arumugam K","Kottaipuli","20339","A","5500-7000","44,074,408","300","12185","In Weight","Completed","Pending","1340"
"1524","7/4/2020","4793","Arumugam K","Kottaipuli","20340","A","5500-7000","44,074,408","297","11980","In Weight","Completed","Pending","1318"
"1525","7/4/2020","4794","Ktm Syed Hussain & Sons","Sarugupuli 10kgs","20341","A","5500-7000","1027TOP","120","1200","In Weight","Completed","Pending","180"
"1526","7/4/2020","4796","Sikkanthar.M","Kottaipuli","20248","A","5500-7000","1032SE","35","1890","In Weight","Completed","Pending","208"
"1527","7/4/2020","4797","Sikkanthar.M","Sarugupuli 10kgs","20248","B","1500-4000","1065top","50","500","In Weight","Completed","Pending","75"
"1528","7/4/2020","4798","Velumani K","Sarugupuli 10kgs","20190","C","3500-4000","5449E","51","510","In Weight","Completed","Pending","77"
"1529","7/4/2020","4799","Ramamoorthy S","Sarugupuli 10kgs","20342","D","7000-9000","5490E","199","1990","In Weight","Completed","Pending","299"
"1530","7/4/2020","4800","Murugesan Sedipatti","Sarugupuli 10kgs","20323","C","3500-4000","3291T,3280T TO 3276ET","226","2260","In Weight","Completed","Pending","339"
"1531","7/4/2020","4801","Kpr & Co","Kottaipuli","20343","D","7000-9000","2125","100","5135","In Weight","Completed","Fully Paid","565"
"1532","7/4/2020","4802","Ganesan Krishnagiri","Kottaipuli","20344","E","6500-10000","2179W","53","3005","In Weight","Completed","Delivered Not Paid","331"
"1533","7/4/2020","4803","Mavunakuru","sundal 50kgs","20345","D","7000-9000","2113E","61","3070","In Weight","Completed","Pending","338"
"1534","7/4/2020","4804","Sinkaaram","Kottaipuli","20346","E","6500-10000","2187E,2188W","121","5875","In Weight","Completed","Pending","646"
"1535","7/4/2020","4805","OMT Kannan","Sarugupuli 10kgs","20347","D","7000-9000","2113etop,2112netop","202","2020","In Weight","Completed","Pending","303"
"1536","7/4/2020","4806","Kar Senthil","Sarugupuli 10kgs","20348","D","7000-9000","2141TOP","100","1000","In Weight","Completed","Fully Paid","150"
"1537","7/4/2020","4807","Kar Senthil","Kottaipuli","20330","E","6500-10000","2189N","12","600","In Weight","Completed","Pending","66"
"1538","7/4/2020","4808","Kar Senthil","Kottaipuli","20349","D","7000-9000","5506","56","3195","In Weight","Completed","Pending","351"
"1539","8/4/2020","4812","Balamurugan V","Kottaipuli","20227","C","3500-4000","3272","51","2910","In Weight","Completed","Pending","320"
"1540","8/4/2020","4813","P.S","Sarugupuli 10kgs","20350","E","6500-10000","2186TOP","181","1810","In Weight","Completed","Pending","272"
"1541","8/4/2020","4814","Nachchan","Sarugupuli 10kgs","20351","E","6500-10000","2196ETOP","55","550","In Weight","Completed","Pending","83"
"1542","8/4/2020","4815","Gowri","Kottaipuli","20240","C","3500-4000","3275W","24","1605","In Weight","Completed","Pending","177"
"1543","8/4/2020","4816","K.R.K.Murali","Sarugupuli 10kgs","20352","A","5500-7000","4392TOP","360","3600","In Weight","Completed","Pending","540"
"1544","8/4/2020","4818","Rasu Alampatty","Kottaipuli","20230","D","7000-9000","5490","40","2825","In Weight","Completed","Pending","311"
"1545","8/4/2020","4820","Harshan.A","Kottaipuli","20203","A","5500-7000","1048","50","3090","In Weight","Completed","Pending","340"
"1546","8/4/2020","4821","Rajendran.P","Sarugupuli 10kgs","20353","B","1500-4000","1073WTOP","92","1320","In Weight","Completed","Pending","198"
"1547","9/4/2020","4822","Ganesan Krishnagiri","Kottaipuli","20354","C","3500-4000","32,983,299","400","16115","In Weight","Completed","Delivered Not Paid","1773"
"1548","9/4/2020","4823","K.R.K.Murali","Kottaipuli","20355","E","6500-10000","2187,2188TOP","300","11750","In Weight","Completed","Delivered Not Paid","1293"
"1549","9/4/2020","4827","K.R.K.Murali","Kottaipuli","20356","B","1500-4000","1079,1057NE","313","12485","In Weight","Completed","Delivered Not Paid","1373"
"1550","9/4/2020","4825","Mukkuraj","Sarugupuli 10kgs","20357","E","6500-10000","2179WT,2174WT","202","2020","In Weight","Completed","Pending","303"
"1551","9/4/2020","4824","Raja Traders","Sarugupuli 10kgs","20358","B","1500-4000","3256TOP","224","2240","In Weight","Completed","Pending","336"
"1552","9/4/2020","4826","Ganasan","Sarugupuli 10kgs","20359","E","6500-10000","2173T,2180T","200","2000","In Weight","Completed","Pending","300"
"1553","9/4/2020","4828","Annalakshmi Traders","Sarugupuli 10kgs","20360","B","1500-4000","3229T,3228T","216","2160","In Weight","Completed","Pending","309"
"1554","9/4/2020","4829","AVP","Milagai Vathal New","20361","A","5500-7000","1036WT,1020T,2023T,1008T","52","780","In Weight","Completed","Pending","208"
"1555","9/4/2020","4830","Vicky V","Kottaipuli","20362","A","5500-7000","1036W","35","1965","In Weight","Completed","Pending","216"
"1556","9/4/2020","4834","Kar Senthil","Kottaipuli","20363","E","6500-10000","4336S,4340TOP","70","4345","In Weight","Completed","Pending","478"
"1557","9/4/2020","4835","Saber.S","Kottaipuli","20364","C","3500-4000","1085","201","9420","In Weight","Completed","Pending","1036"
"1558","10/4/2020","4838","Sikkanthar.M","Kottaipuli","20248","A","5500-7000","4381","40","2075","In Weight","Completed","Pending","228"
"1559","10/4/2020","4839","Singaraja Ramayanpatti","Kottaipuli","20365","D","7000-9000","2118 S","74","4170","In Weight","Completed","Pending","459"
"1560","10/4/2020","4840","Harshan.A","Sarugupuli 10kgs","20366","E","6500-10000","4354NTOP","140","1400","In Weight","Completed","Pending","210"
"1561","10/4/2020","4841","OMT Kannan","Sarugupuli 10kgs","20367","E","6500-10000","4340TOP","208","2080","In Weight","Completed","Pending","312"
"1562","10/4/2020","4845","Annalakshmi Traders","Sarugupuli 10kgs","20360","C","3500-4000","5446WTOP","124","1240","In Weight","Completed","Pending","186"
"1563","10/4/2020","4846","Kar Senthil","Kottaipuli","20368","A","5500-7000","4383E","102","6055","In Weight","Completed","Pending","666"
"1564","11/4/2020","4847","K.R.K.Murali","Kottaipuli","20369","B","1500-4000","4422N,4409,4410","255","13095","In Weight","Completed","Pending","1440"
"1565","11/4/2020","4848","K.R.K.Murali","Kottaipuli","20370","B","1500-4000","4422N,4409,4410","250","12765","In Weight","Completed","Pending","1404"
"1566","11/4/2020","4849","Ganasan Kurumbai","Kottaipuli","20371","B","1500-4000","44,354,436","200","10110","In Weight","Completed","Pending","1112"
"1567","11/4/2020","4850","Ganasan Kurumbai","Kottaipuli","20372","B","1500-4000","44,354,436","297","14680","In Weight","Completed","Pending","1615"
"1568","11/4/2020","4854","Ananthi.M","Sarugupuli 10kgs","20373","A","5500-7000","1025T","219","2190","In Weight","Completed","Pending","329"
"1569","11/4/2020","4857","Ansari","Kottaipuli","20251","B","1500-4000","1067TOP","30","1560","In Weight","Completed","Pending","172"
"1570","11/4/2020","4859","Ansari","Sarugupuli 10kgs","20251","E","6500-10000","4332NE","100","1000","In Weight","Completed","Pending","150"
"1571","11/4/2020","4860","Venketasamy.S.V","Kottaipuli","20118","C","3500-4000","1105E","31","2170","In Weight","Completed","Pending","239"
"1572","11/4/2020","4858","Balamurugan V","Kottaipuli","20227","B","1500-4000","4421","55","2900","In Weight","Completed","Pending","319"
"1573","11/4/2020","4851","Arun","Kottaipuli","20374","A","5500-7000","2191,2192,2204,2203S","299","15225","In Weight","Completed","Pending","1675"
"1574","11/4/2020","4852","Arun","Kottaipuli","20375","A","5500-7000","2191,2192,2204,2203S","316","16200","In Weight","Completed","Pending","1782"
"1575","4/13/2020","4861","Durairaj","Kottaipuli","20376","B","1500-4000","44,344,433","200","10565","In Weight","Completed","Pending","1162"
"1576","4/13/2020","4862","Durairaj","Kottaipuli","20377","B","1500-4000","44,344,433","290","15405","In Weight","Completed","Pending","1695"
"1577","4/13/2020","4863","Andivel Alampatti","Kottaipuli","20378","E","6500-10000","5531S,5518,5519","375","15060","In Weight","Completed","Pending","1657"
"1578","4/13/2020","4864","Andivel Alampatti","Kottaipuli","20379","E","6500-10000","5531S,5518,5519","375","15130","In Weight","Completed","Pending","1664"
"1579","4/13/2020","4865","Appas","Kottaipuli","20380","A","5500-7000","22,182,205","281","12855","In Weight","Completed","Pending","1414"
"1580","4/13/2020","4866","Appas","Kottaipuli","20381","A","5500-7000","22,182,205","273","12370","In Weight","Completed","Pending","1361"
"1581","4/13/2020","4867","St Pulikadai","Kottaipuli","20382","E","6500-10000","5545,5532S","271","15940","In Weight","Completed","Delivered Not Paid","1753"
"1582","4/13/2020","4869","Ganasan","Kottaipuli","20383","A","5500-7000","22,172,216","492","24925","In Weight","Completed","Fully Paid","2742"
"1583","4/13/2020","4872","Palanivel M","Kottaipuli","20384","C","3500-4000","1088","205","9985","In Weight","Completed","Pending","1098"
"1584","4/13/2020","4873","Ganasan","Sarugupuli 10kgs","20385","C","3500-4000","3273ETOP","300","3000","In Weight","Completed","Pending","450"
"1585","4/14/2020","4877","Balagi Traders Dindigul","Milagai Vathal New","20395","E","6500-10000","55,245,525","274","4225","In Weight","Completed","Pending","1096"
"1586","4/14/2020","4876","Laxmanan P","Kottaipuli","20386","A","5500-7000","2211S,2197,2198","420","16930","In Weight","Completed","Pending","1862"
"1587","4/14/2020","4878","Laxmanan P","Kottaipuli","20387","A","5500-7000","2211S,2197,2198","420","17020","In Weight","Completed","Pending","1872"
"1588","4/14/2020","4881","Paramasivam","Sarugupuli 10kgs","20388","A","5500-7000","2216TOP","203","2030","In Weight","Completed","Pending","305"
"1589","4/14/2020","4883","Annalakshmi Traders","Sarugupuli 10kgs","20389","E","6500-10000","2165NWTOP","176","1760","In Weight","Completed","Pending","264"
"1590","4/14/2020","4875","Annalakshmi Traders","Sarugupuli 10kgs","20391","B","1500-4000","1061STop","200","2000","In Weight","Completed","Pending","300"
"1591","4/14/2020","4884","Sabarishwaran.M","Sarugupuli 10kgs","20392","B","1500-4000","3273WTOP","180","1800","In Weight","Completed","Pending","270"
"1592","4/14/2020","4882","Ponnukalai D","Kottaipuli","20390","C","3500-4000","1108","157","8630","In Weight","Completed","Pending","949"
"1593","4/14/2020","4879","Laxmanan P","Kottaipuli","20393","C","3500-4000","1082,1095S,1094S,1083","325","13190","In Weight","Completed","Pending","1451"
"1594","4/14/2020","4880","Laxmanan P","Kottaipuli","20394","C","3500-4000","1082,1095S,1094S,1083","300","12100","In Weight","Completed","Pending","1331"
"1595","4/14/2020","4885","Laxmanan P","Kottaipuli","20396","D","7000-9000","3313,3300,3312s,3301","400","14180","In Weight","Completed","Fully Paid","1560"
"1596","4/14/2020","4886","Laxmanan P","Kottaipuli","20397","D","7000-9000","3313,3300,3312s,3301","455","16155","In Weight","Completed","Delivered Not Paid","1777"
"1597","4/14/2020","4887","Selvaraj.K.S","Kottaipuli","20398","A","5500-7000","2203N","60","2735","In Weight","Completed","Pending","301"
"1598","4/14/2020","4888","Ganesan Krishnagiri","Kottaipuli","20344","C","3500-4000","1107E","53","3125","In Weight","Completed","Delivered Not Paid","344"
"1599","4/14/2020","4889","Sakthivel Ps","Sarugupuli 10kgs","20399","A","5500-7000","2203STOP","220","2200","In Weight","Completed","Pending","330"
"1600","4/15/2020","4890","Ratheesh Kumar","Kottaipuli","20400","D","7000-9000","33,273,314","300","15175","In Weight","Completed","Pending","1669"
"1601","4/15/2020","4891","Ratheesh Kumar","Kottaipuli","20401","D","7000-9000","33,273,314","200","10120","In Weight","Completed","Pending","1113"
"1602","4/15/2020","4892","Annalakshmi Traders","Kottaipuli","20402","D","7000-9000","33,253,226","620","25015","In Weight","Completed","Pending","2752"
"1604","4/15/2020","4894","Kaliappan.P.A","Sarugupuli 10kgs","20404","C","3500-4000","1108T,1107ET","501","5010","In Weight","Completed","Pending","752"
"1605","4/15/2020","4896","Kanmohamed","Sarugupuli 10kgs","20405","C","3500-4000","1083T,1094T","220","2200","In Weight","Completed","Pending","330"
"1606","4/15/2020","4898","Chinnaiya R","Sarugupuli 10kgs","20403","C","3500-4000","1107ETOP","83","830","In Weight","Completed","Pending","125"
"1607","4/15/2020","4897","Kar Senthil","Kottaipuli","20406","C","3500-4000","1107W","72","4675","In Weight","Completed","Pending","514"
"1608","4/15/2020","4902","Arumugam.S	","Kottaipuli","20407","C","3500-4000","1096S,1095N","180","9280","In Weight","Completed","Pending","1021"
"1609","4/15/2020","4904","Sikkanthar.M","Kottaipuli","20248","C","3500-4000","1094N","42","2255","In Weight","Completed","Pending","248"
"1610","4/15/2020","4905","Andisamy Solakulathur","Kottaipuli","20223","C","3500-4000","1097S","47","2805","In Weight","Completed","Fully Paid","309"
"1611","4/15/2020","4906","Balagi Traders Dindigul","Sarugupuli 10kgs","20408","C","3500-4000","1098","251","2510","In Weight","Completed","Pending","377"
"1612","4/15/2020","4907","Balagi Traders Dindigul","Sarugupuli 10kgs","20409","C","3500-4000","1098","227","2270","In Weight","Completed","Pending","341"
"1613","4/15/2020","4909","Kanmohamed","Sarugupuli 10kgs","20405","C","3500-4000","1097ST,1094NT","100","1000","In Weight","Completed","Pending","150"
"1614","4/15/2020","4910","Pandiyarajan P(Vpm)","Milagai Vathal New","20410","C","3500-4000","1105,1084ET B-1061(62,70,71,73,74,75,76,78)","311","4715","In Weight","Completed","Pending","1244"
"1615","4/15/2020","4908","Sss Traders New","Sarugupuli 10kgs","20411","C","3500-4000","1096T","176","1760","In Weight","Completed","Pending","264"
"1616","4/16/2020","4911","Haemkaak Traders","Sarugupuli 10kgs","20412","D","7000-9000","3325T,3326T,3314T","310","3100","In Weight","Completed","Pending","465"
"1617","4/16/2020","4913","Annalakshmi Traders","Sarugupuli 10kgs","20391","A","5500-7000","2203NT","100","1000","In Weight","Completed","Pending","150"
"1618","4/16/2020","4914","Ramasamy.C","Kottaipuli","20413","C","3500-4000","1104E","61","3590","In Weight","Completed","Fully Paid","395"
"1619","4/16/2020","4915","Javid Trading Company","Sarugupuli 10kgs","20414","B","1500-4000","3252top","200","2000","In Weight","Completed","Pending","300"
"1620","4/16/2020","4916","St Pulikadai","Sarugupuli 10kgs","20415","B","1500-4000","3251T,3244ET","220","2200","In Weight","Completed","Pending","330"
"1621","4/16/2020","4917","AVP","Milagai Vathal New","20361","E","6500-10000","5518,5519,5531,5532ALLTOP","65","1020","In Weight","Completed","Pending","260"
"1622","4/16/2020","4920","Ratheesh Kumar","Kottaipuli","20416","E","6500-10000","55,385,539","210","10365","In Weight","Completed","Pending","1140"
"1623","4/16/2020","4921","Ratheesh Kumar","Kottaipuli","20417","E","6500-10000","55,385,539","310","14885","In Weight","Completed","Pending","1637"
"1624","4/16/2020","4923","Mohamed Iqbal.A.S.M","Sarugupuli 10kgs","20418","E","6500-10000","5540,5538TOP","209","3175","In Weight","Completed","Pending","31"
"1625","4/16/2020","4922","Balagi Traders Dindigul","Milagai Vathal New","20419","C","3500-4000","1104W,1102W,1103,1098TOP","295","4230","In Weight","Completed","Pending","1180"
"1626","4/17/2020","4924","Annalakshmi Traders","Kottaipuli","20420","A","5500-7000","21,952,196","625","25235","In Weight","Completed","Pending","2776"
"1627","4/17/2020","4925","Arumugam K","Kottaipuli","20421","A","5500-7000","21,942,193","325","13150","In Weight","Completed","Pending","1447"
"1628","4/17/2020","4926","Arumugam K","Kottaipuli","20422","A","5500-7000","21,942,193","300","12105","In Weight","Completed","Pending","1332"
"1629","4/17/2020","4927","Gurusamy.","Sarugupuli 10kgs","20423","E","6500-10000","4362W","203","2030","In Weight","Completed","Pending","305"
"1630","4/17/2020","4928","VPS","Sarugupuli 10kgs","20424","E","6500-10000","4362ETOP","250","2500","In Weight","Completed","Pending","375"
"1631","4/17/2020","4929","Ganesan Krishnagiri","Sarugupuli 10kgs","20425","C","3500-4000","1093","503","5030","In Weight","Completed","Pending","755"
"1632","4/17/2020","4934","Palanisamy.S.Ayyapatti","Sarugupuli 10kgs","20426","B","1500-4000","1073WTOP","195","1950","In Weight","Completed","Pending","293"
"1633","4/17/2020","4933","Annalakshmi Traders","Sarugupuli 10kgs","20427","A","5500-7000","2195TOP","206","2060","In Weight","Completed","Pending","309"
"1634","4/17/2020","4935","Ratheesh Kumar","Kottaipuli","20428","C","3500-4000","10,861,087","325","13160","In Weight","Completed","Pending","1448"
"1635","4/17/2020","4936","Ratheesh Kumar","Kottaipuli","20429","C","3500-4000","10,861,087","297","11985","In Weight","Completed","Pending","1318"
"1636","4/17/2020","4939","Jamaal","Sarugupuli 10kgs","20430","B","1500-4000","1074SETOP","150","1500","In Weight","Completed","Pending","225"
"1637","4/17/2020","4930","Periyasamy S","Kottaipuli","20431","B","1500-4000","4432","154","8220","In Weight","Completed","Pending","904"
"1638","4/17/2020","4937","Harshan.A","Kottaipuli","20203","B","1500-4000","4427","50","2900","In Weight","Completed","Pending","319"
"1639","4/18/2020","4942","Ratheesh Kumar","Kottaipuli","20433","A","5500-7000","2211N,2212,2213W","325","13030","In Weight","Completed","Pending","1433"
"1640","4/18/2020","4943","Ratheesh Kumar","Kottaipuli","20434","A","5500-7000","2211N,2212,2213W","292","11755","In Weight","Completed","Pending","1293"
"1641","4/18/2020","4944","Rajendran.P","Sarugupuli 10kgs","20432","A","5500-7000","2193TOP","176","1840","In Weight","Completed","Pending","276"
"1642","4/18/2020","4946","Siva Dindigul","Sarugupuli 10kgs","20435","C","3500-4000","1088top","30","300","In Weight","Completed","Pending","45"
"1643","4/18/2020","4954","Siva Dindigul","Sarugupuli 10kgs","20436","B","1500-4000","1088TOP","58","580","In Weight","Completed","Pending","87"
"1644","4/18/2020","4945","Samy & Co","Milagai Vathal New","20437","E","6500-10000","5544,5543E","300","4435","In Weight","Completed","Pending","1200"
"1645","4/18/2020","4948","Sss Traders New","Sarugupuli 10kgs","20438","C","3500-4000","1086,1087 TOP","330","3300","In Weight","Completed","Pending","495"
"1646","4/18/2020","4949","Veerasamy SP","Sarugupuli 10kgs","20439","D","7000-9000","2155W","423","4230","In Weight","Completed","Pending","635"
"1647","4/18/2020","4955","Balagi Traders Dindigul","Sarugupuli 10kgs","20440","C","3500-4000","1105ETOP","205","2050","In Weight","Completed","Pending","308"
"1648","4/18/2020","4951","Krishnamoorthy.N","Sarugupuli 10kgs","20441","E","6500-10000","4374W","159","1590","In Weight","Completed","Pending","239"
"1649","4/18/2020","4952","Selvaraj.K.S","Sarugupuli 10kgs","20442","E","6500-10000","4368NTOP","195","1950","In Weight","Completed","Pending","293"
"1650","4/18/2020","4953","Subramani Pulampatti","mosai50kgs","20443","B","1500-4000","4424S","50","2500","In Weight","Completed","Pending","275"
"1651","4/18/2020","4947","Ganesan Krishnagiri","Sarugupuli 30KGS","20444","E","6500-10000","553,755,265,523","522","21105","In Weight","Completed","Delivered Not Paid","2322"
"1652","4/18/2020","4956","Raju.P","Sarugupuli 10kgs","20445","D","7000-9000","4375STOP","101","1010","In Weight","Completed","Pending","152"
"1653","4/20/2020","4959","Kaliappan.P.A","Sarugupuli 10kgs","20446","C","3500-4000","1085TOP","440","4400","In Weight","Completed","Pending","660"
"1654","4/20/2020","4958","Arumugam K","Kottaipuli","20447","E","6500-10000","5541,5542w,5536,5527","325","13120","In Weight","Completed","Pending","1443"
"1655","4/20/2020","4962","Arumugam K","Kottaipuli","20448","E","6500-10000","5541,5542w,5536,5527","300","12110","In Weight","Completed","Pending","1332"
"1656","4/20/2020","4960","Raju K","Kottaipuli","20449","B","1500-4000","4426","58","3050","In Weight","Completed","Fully Paid","336"
"1657","4/20/2020","4961","Harshan.A","Kottaipuli","20203","B","1500-4000","4427","51","2995","In Weight","Completed","Pending","329"
"1658","4/20/2020","4963","VPS","Milagai Vathal New","20450","B","1500-4000","4430,4431,4432TOP","335","5095","In Weight","Completed","Pending","1340"
"1659","4/21/2020","4964","Balagi Traders Dindigul","Sarugupuli 10kgs","20451","C","3500-4000","1093TOP,B-1079TOP","393","3930","In Weight","Completed","Pending","590"
"1660","4/21/2020","4965","Elavarsan","Sarugupuli 10kgs","20452","B","1500-4000","3240W","102","1020","In Weight","Completed","Pending","153"
"1661","4/21/2020","4966","Maruthmuthu M","Sarugupuli 10kgs","20453","A","5500-7000","3239W","115","1150","In Weight","Completed","Pending","173"
"1662","4/21/2020","4971","Balagi Traders Dindigul","Milagai Vathal 40kg","20456","E","6500-10000","5522,5521W,5535W","243","2430","In Weight","Completed","Pending","1701"
"1663","4/21/2020","4972","Annalakshmi Traders","Sarugupuli 10kgs","20460","E","6500-10000","2163TOP","56","560","In Weight","Completed","Pending","84"
"1664","4/21/2020","4967","Harendra Kumar","Kottaipuli","20454","A","5500-7000","2214,2215,2213E","325","13090","In Weight","Completed","Pending","1440"
"1665","4/21/2020","4968","Harendra Kumar","Kottaipuli","20455","A","5500-7000","2214,2215,2213E","300","12095","In Weight","Completed","Pending","1330"
"1666","4/21/2020","4970","Sikkanthar.M","Sarugupuli 10kgs","20458","B","1500-4000","3259TOP","180","1800","In Weight","Completed","Pending","270"
"1667","4/21/2020","4973","Gowri","Kottaipuli","20240","C","3500-4000","3275","32","2160","In Weight","Completed","Pending","238"
"1668","4/21/2020","4969","Ramesh","Sarugupuli 10kgs","20457","C","3500-4000","3275STOP","210","2100","In Weight","Completed","Pending","315"
"1669","4/21/2020","4974","AVP","Milagai Vathal New","20459","A","5500-7000","2206","53","820","In Weight","Completed","Pending","212"
"1670","4/21/2020","4975","VPS","Milagai Vathal New","20461","E","6500-10000","5535E,5532,5533","322","4740","In Weight","Completed","Pending","1288"
"1671","4/21/2020","4977","Rampriya.C","Kottaipuli","20462","E","6500-10000","5521E","100","4055","In Weight","Completed","Pending","446"
"1672","4/21/2020","4976","Andisamy Karaikulam","Kottaipuli","20463","C","3500-4000","11,011,090","207","9975","In Weight","Completed","Pending","1097"
"1673","4/21/2020","4980","AVP","Milagai Vathal New","20459","A","5500-7000","2206","30","460","In Weight","Completed","Pending","120"
"1675","4/22/2020","4984","Ramesh","Sarugupuli 10kgs","20464","C","3500-4000","1100","462","4620","In Weight","Completed","Pending","693"
"1676","4/22/2020","4986","Haemkaak Traders","Sarugupuli 10kgs","20465","C","3500-4000","1104WTOP","344","3440","In Weight","Completed","Pending","516"
"1677","4/22/2020","4988","Vicky V","Kottaipuli","20362","C","3500-4000","1099W","44","2295","In Weight","Completed","Pending","252"
"1678","4/22/2020","4983","Ganesan Krishnagiri","Kottaipuli","20466","D","7000-9000","3307N,3321,3320","715","25190","In Weight","Completed","Pending","2771"
"1679","4/22/2020","4989","Pandiyarajan P(Vpm)","Milagai Vathal New","20467","C","3500-4000","3276E,3287,3286,3285 I-3303(04,05,08,13,14,12)","198","3025","In Weight","Completed","Pending","792"
"1680","4/22/2020","4991","Alagar Mv","Sarugupuli 10kgs","20468","B","1500-4000","1067NWTOP","51","510","In Weight","Completed","Pending","77"
"1681","4/22/2020","4993","Singaraja Ramayanpatti","Kottaipuli","20365","C","3500-4000","1099E","26","1915","In Weight","Completed","Pending","211"
"1682","4/22/2020","4992","Bala Maligai","Milagai Vathal New","20469","E","6500-10000","5520,5521TOP","322","4700","In Weight","Completed","Pending","1288"
"1683","4/22/2020","4994","Vijayakumar BM","Sarugupuli 10kgs","20470","C","3500-4000","1092E","330","3300","In Weight","Completed","Pending","495"
"1684","4/23/2020","4995","Javid Trading Company","Kottaipuli","20472","D","7000-9000","3324","205","10480","In Weight","Completed","Pending","1153"
"1685","4/23/2020","4996","Ramesh","Sarugupuli 10kgs","20464","C","3500-4000","1100","210","2100","In Weight","Completed","Pending","315"
"1686","4/23/2020","4997","Arp","Sarugupuli 10kgs","20471","B","1500-4000","1059TOP","104","1040","In Weight","Completed","Pending","156"
"1687","4/23/2020","4999","Veluchamy Marunuthu","Sarugupuli 10kgs","20322","C","3500-4000","1099WTOP","100","1000","In Weight","Completed","Pending","150"
"1688","4/23/2020","5000","S.V.Ramakrishnan","Sarugupuli 10kgs","20473","D","7000-9000","3324top","266","2660","In Weight","Completed","Pending","399"
"1689","4/23/2020","4998","Selvam.Mettupatty","Kottaipuli","20474","C","3500-4000","1092W","27","1380","In Weight","Completed","Pending","152"
"1690","4/23/2020","5001","Sss Traders New","Milagai Vathal New","20475","C","3500-4000","21,232,124","84","1275","In Weight","Completed","Pending","336"
"1691","4/23/2020","5004","ASM Mohamed Iqbal","Milagai Vathal New","20476","B","1500-4000","4415,4414W,4416S","253","3820","In Weight","Completed","Pending","1012"
"1692","4/24/2020","5005","Rampriya.C","Sarugupuli 10kgs","20477","A","5500-7000","4382 STOP","239","2390","In Weight","Completed","Pending","359"
"1693","4/24/2020","5006","Rampriya.C","Kottaipuli","20477","A","5500-7000","4382","145","6010","In Weight","Completed","Pending","661"
"1694","4/24/2020","5007","Ramesh","Sarugupuli 10kgs","20464","D","7000-9000","2125NE","204","2040","In Weight","Completed","Pending","306"
"1695","4/24/2020","5008","Balaji M Natham","Sarugupuli 10kgs","20478","C","3500-4000","1091E","55","2365","In Weight","Completed","Pending","355"
"1696","4/24/2020","5009","Veerasamy SP","Sarugupuli 10kgs","20479","A","5500-7000","4382NTOP,4394TOP","420","4200","In Weight","Completed","Pending","630"
"1697","4/24/2020","5010","Sss Traders New","Sarugupuli 10kgs","20480","C","3500-4000","1091ETOP,1092WT","183","1830","In Weight","Completed","Pending","275"
"1698","4/24/2020","5011","Paramasivam","Sarugupuli 10kgs","20481","C","3500-4000","1091WTOP","153","1530","In Weight","Completed","Pending","230"
"1699","4/24/2020","5013","Selvaraj.K.S","Sarugupuli 10kgs","20482","E","6500-10000","4343Wtop","143","1430","In Weight","Completed","Pending","215"
"1700","4/24/2020","5014","Palanisamy.S.Ayyapatti","Sarugupuli 10kgs","20483","A","5500-7000","4383Wtop","297","2970","In Weight","Completed","Pending","446"
"1701","4/24/2020","5015","Singaraja Ramayanpatti","Kottaipuli","20365","B","1500-4000","4425W","36","2315","In Weight","Completed","Pending","255"
"1702","4/24/2020","5016","Palanisamy.A","Sarugupuli 10kgs","20484","D","7000-9000","2125NW","260","2600","In Weight","Completed","Delivered Not Paid","390"
"1703","4/24/2020","5017","Arockiasamy.A","Sarugupuli 10kgs","20485","D","7000-9000","2135E","200","2000","In Weight","Completed","Delivered Not Paid","300"
"1704","4/24/2020","5018","Sss Traders New","Sarugupuli 10kgs","20480","D","7000-9000","2134E","222","2220","In Weight","Completed","Pending","333"
"1705","4/25/2020","5019","St Pulikadai","Sarukupuli 5kgs","20486","C","3500-4000","1109E","731","3655","In Weight","Completed","Pending","731"
"1706","4/25/2020","5022","P Perumal Son","Sarugupuli 10kgs","20487","C","3500-4000","1109ETOP","223","2230","In Weight","Completed","Pending","335"
"1707","4/25/2020","5023","Ramesh","Sarugupuli 10kgs","20464","C","3500-4000","1100","78","780","In Weight","Completed","Pending","117"
"1708","4/25/2020","5024","P Perumal Son","Sarugupuli 10kgs","20488","C","3500-4000","5456E","223","2230","In Weight","Completed","Pending","335"
"1709","4/25/2020","5025","Ramasamy.C","Kottaipuli","20413","C","3500-4000","1109W","32","1965","In Weight","Completed","Fully Paid","216"
"1710","4/25/2020","5027","Sabarishwaran.M","Sarugupuli 10kgs","20489","C","3500-4000","5456W","220","2200","In Weight","Completed","Pending","330"
"1711","4/25/2020","5026","Veerasamy SP","Sarugupuli 10kgs","20490","C","3500-4000","1109Wtop To B-1079N","424","4240","In Weight","Completed","Pending","636"
"1712","4/25/2020","5029","Ashyamgokul","Sarugupuli 10kgs","20491","D","7000-9000","5503TOP","216","2160","In Weight","Completed","Pending","324"
"1713","4/25/2020","5028","Rajendran.P","Sarugupuli 10kgs","20492","C","3500-4000","5449WTOP","99","1070","In Weight","Completed","Pending","161"
"1714","4/25/2020","5030","Mohamed Appas A","Sarugupuli 10kgs","20493","C","3500-4000","1084W","795","7950","In Weight","Completed","Pending","1193"
"1715","4/27/2020","5031","Durairaj","Kottaipuli","20494","D","7000-9000","3,322,332,333,193,300","430","15100","In Weight","Completed","Pending","1661"
"1716","4/27/2020","5032","Durairaj","Kottaipuli","20495","D","7000-9000","3,322,332,333,193,300","430","15020","In Weight","Completed","Pending","1652"
"1717","4/27/2020","5033","Kpr & Co","Kottaipuli","20496","D","7000-9000","3305,3306,,3307S","655","25615","In Weight","Completed","Pending","2818"
"1718","4/27/2020","5034","Kpr & Co","Kottaipuli","20497","D","7000-9000","330,333,043,318","712","25620","In Weight","Completed","Pending","2818"
"1719","4/27/2020","5035","Haemkaak Traders","Sarugupuli 10kgs","20498","C","3500-4000","1089S","403","4030","In Weight","Completed","Pending","605"
"1720","4/27/2020","5037","Venketasamy.S.V","Sarugupuli 10kgs","20499","C","3500-4000","1089N","350","3500","In Weight","Completed","Pending","525"
"1721","4/28/2020","5038","Durairaj","Kottaipuli","20500","B","1500-4000","4412,4413,4418,4419W","431","15375","In Weight","Completed","Fully Paid","1691"
"1722","4/28/2020","5039","Durairaj","Kottaipuli","20501","B","1500-4000","4412,4413,4418,4419W","420","14935","In Weight","Completed","Fully Paid","1643"
"1723","4/28/2020","5041","Bala Maligai","Milagai Vathal New","20502","C","3500-4000","10(83,94,91,1109,98,84,89,92) B-1057 ALLTOP","345","5050","In Weight","Completed","Pending","1380"
"1724","4/28/2020","5042","Palanivel M","Kottaipuli","20503","D","7000-9000","33,103,317","215","9930","In Weight","Completed","Pending","1092"
"1725","4/28/2020","5044","Ganesan Krishnagiri","Sarugupuli 10kgs","20504","C","3500-4000","4426TOP","424","4240","In Weight","Completed","Pending","636"
"1726","4/28/2020","5040","Kpr & Co","Kottaipuli","20505","D","7000-9000","3316,3311,3312N,3302","601","25915","In Weight","Completed","Pending","2851"
"1727","4/28/2020","5045","Thangam.P","Sarugupuli 10kgs","20506","C","3500-4000","1084SE","247","2470","In Weight","Completed","Pending","371"
"1728","4/28/2020","5050","Sikkanthar.M","Sarugupuli 10kgs","20458","B","1500-4000","1058top","60","600","In Weight","Completed","Pending","90"
"1729","4/28/2020","5049","K Sanjoss","Sarugupuli","20507","B","1500-4000","4410TOP","104","1040","In Weight","Completed","Pending","114"
"1730","4/28/2020","5048","Periyasamy.S Own","sundal 50kgs","20508","E","6500-10000","5529W","41","2050","In Weight","Completed","Pending","226"
"1731","4/28/2020","5043","Veerasamy SP","Sarugupuli 10kgs","20509","C","3500-4000","1084NE","426","4260","In Weight","Completed","Pending","639"
"1732","4/28/2020","5046","Rohitkumar Trading","Kottaipuli","20510","B","1500-4000","4420,4411,4414E,4425E,4419E","717","25250","In Weight","Completed","Delivered Not Paid","2778"
"1733","4/28/2020","5047","Muthupandi Ayyapatti","Sarugupuli 10kgs","20511","B","1500-4000","1062S ROAD","103","1030","In Weight","Completed","Fully Paid","155"
"1734","4/29/2020","5052","Ponnammal","Sarugupuli 10kgs","20512","B","1500-4000","4411TOP","150","1500","In Weight","Completed","Pending","225"
"1735","4/29/2020","5053","Kanagaraj","Sarukupuli 5kgs","20513","D","7000-9000","2125S","890","4450","In Weight","Completed","Pending","890"
"1736","4/29/2020","5054","Kanagaraj","Sarukupuli 5kgs","20517","E","6500-10000","2172W","336","1875","In Weight","Completed","Pending","375"
"1737","4/29/2020","5057","Basker","Sarugupuli 10kgs","20514","B","1500-4000","4419T,4420WT TO 4412N,4421SE","242","2420","In Weight","Completed","Pending","363"
"1738","4/29/2020","5056","Siththaraman R","Sarugupuli 10kgs","20515","D","7000-9000","3310T,3317T","252","2520","In Weight","Completed","Pending","378"
"1739","4/29/2020","5058","Veluchamy Marunuthu","Sarugupuli 10kgs","20516","B","1500-4000","4420ETOP","172","1720","In Weight","Completed","Pending","258"
"1740","4/29/2020","5061","Kanagaraj","Sarugupuli 10kgs","20513","D","7000-9000","2125S","172","1720","In Weight","Completed","Pending","258"
"1741","4/30/2020","5062","Sinkaaram","Sarugupuli 10kgs","20518","B","1500-4000","4414ETOP","302","3020","In Weight","Completed","Pending","453"
"1742","4/30/2020","5063","Sinkaaram","Kottaipuli","20518","C","3500-4000","5442E","67","2735","In Weight","Completed","Pending","301"
"1743","4/30/2020","5064","DHANASAKERAN D","Sarugupuli 10kgs","20519","B","1500-4000","4433TOP","105","1050","In Weight","Completed","Pending","158"
"1744","4/30/2020","5066","P Perumal Son","Sarugupuli 10kgs","20520","D","7000-9000","2143E","229","2290","In Weight","Completed","Pending","344"
"1745","4/30/2020","5067","Sss Traders New","Sarugupuli 10kgs","20521","C","3500-4000","5442Etop","403","4030","In Weight","Completed","Pending","605"
"1746","4/30/2020","5069","Siththaraman R","Sarugupuli 10kgs","20522","D","7000-9000","2143W","267","2670","In Weight","Completed","Pending","401"
"1747","4/30/2020","5070","AVP","Milagai Vathal New","20523","A","5500-7000","1019,1018,1009top","51","785","In Weight","Completed","Pending","204"
"1748","4/30/2020","5071","Ramaraj NR","Sarugupuli 10kgs","20524","B","1500-4000","1074WTOP","90","900","In Weight","Completed","Pending","135"
"1749","4/30/2020","5072","Kanmohamed","Kottaipuli","20525","D","7000-9000","3303ETOP","280","2800","In Weight","Completed","Pending","308"
"1750","1/5/2020","5073","Dinakaran","Kottaipuli","20526","B","1500-4000","4424,4423,4422N,I-3309","350","12550","In Weight","Completed","Pending","1381"
"1751","1/5/2020","5074","Dinakaran","Sarugupuli 10kgs","20527","B","1500-4000","4424,4423,4422N,I-3309","362","12825","In Weight","Completed","Pending","1924"
"1752","1/5/2020","5075","Dinakaran","Kottaipuli","20528","B","1500-4000","4428,4429,4417,I-3315","426","14985","In Weight","Completed","Pending","1648"
"1753","1/5/2020","5076","Dinesh Kumar","Kottaipuli","20529","B","1500-4000","4428,4429,4417,I-3315","431","15295","In Weight","Completed","Pending","1682"
"1754","1/5/2020","5077","Sss Traders New","Sarugupuli 10kgs","20530","B","1500-4000","1074WTOP","156","1560","In Weight","Completed","Fully Paid","234"
"1755","2/5/2020","5078","Ganesan Krishnagiri","Sarugupuli 10kgs","20531","D","7000-9000","3312NTOP","210","2100","In Weight","Completed","Pending","315"
"1756","2/5/2020","5080","Vijayakumar BM","Sarugupuli 10kgs","20532","D","7000-9000","3303WTOP","230","2300","In Weight","Completed","Pending","345"
"1757","2/5/2020","5081","Kanthasamy N Natham","Kottaipuli","20533","A","5500-7000","2,199,220,022,092,210","730","25430","In Weight","Completed","Pending","2797"
"1758","2/5/2020","5079","Ganesan Krishnagiri","Sarugupuli 10kgs","20531","C","3500-4000","3277WTOP","213","2130","In Weight","Completed","Pending","320"
"1759","2/5/2020","5082","Kpr & Co","Thosaipuli 50kgs","20534","D","7000-9000","5506top,5507top","48","2400","In Weight","Completed","Pending","264"
"1760","2/5/2020","5084","Haemkaak Traders","Sarugupuli 10kgs","20535","D","7000-9000","5491Wtop","207","2070","In Weight","Completed","Pending","311"
"1761","2/5/2020","5086","Ansari","Sarugupuli 10kgs","20536","D","7000-9000","2142W","210","2100","In Weight","Completed","Fully Paid","315"
"1762","2/5/2020","5087","Jamaal","Sarugupuli 10kgs","20537","D","7000-9000","2142E","155","1550","In Weight","Completed","Pending","233"
"1763","4/5/2020","5091","Andisami.Valasu","Kottaipuli","20539","E","6500-10000","5543W,5542E,5534,5528W","573","25235","In Weight","Completed","Pending","2776"
"1764","4/5/2020","5095","Nagarajan R","Kottaipuli","20538","A","5500-7000","2,201,220,222,072,200","500","17635","In Weight","Completed","Delivered Not Paid","1940"
"1765","4/5/2020","5092","Ganesan Krishnagiri","Sarugupuli 10kgs","20531","A","5500-7000","2202WTOP","115","1150","In Weight","Completed","Pending","173"
"1766","4/5/2020","5093","Nagarajan R","Kottaipuli","20540","C","3500-4000","32,983,299","400","14115","In Weight","Completed","Pending","1553"
"1767","4/5/2020","5094","Nagarajan R","Kottaipuli","20541","C","3500-4000","5473,5443W","458","16235","In Weight","Completed","Pending","1786"
"1768","5/5/2020","5101","Saravanan","Sarugupuli 10kgs","20542","A","5500-7000","2207WTOP","94","940","In Weight","Completed","Pending","141"
"1769","6/5/2020","5102","Ganesan Krishnagiri","Sarugupuli 10kgs","20543","A","5500-7000","2215top,2202E,2207ETOP","250","2500","In Weight","Completed","Pending","375"
"1770","6/5/2020","5103","Ganesan Krishnagiri","Sarugupuli 10kgs","20543","A","5500-7000","2215T,2202E,2207ETOP","220","2200","In Weight","Completed","Pending","330"
"1771","6/5/2020","5105","Sikkanthar.M","Sarugupuli 10kgs","20544","D","7000-9000","3314WT,3315TOP","200","2000","In Weight","Completed","Pending","300"
"1772","6/5/2020","5104","Haemkaak Traders","Sarugupuli 10kgs","20545","B","1500-4000","3267TOP","455","4550","In Weight","Completed","Delivered Not Paid","683"
"1773","6/5/2020","5107","Raju.P","Sarugupuli 10kgs","20546","B","1500-4000","1064WTOP","122","1220","In Weight","Completed","Pending","183"
"1774","7/5/2020","5108","Ganesan Krishnagiri","Sarugupuli 10kgs","20543","A","5500-7000","1052NW TOP","195","1950","In Weight","Completed","Pending","293"
"1775","7/5/2020","5111","Sinkaaram","Sarugupuli 10kgs","20547","D","7000-9000","2142WTOP","110","1100","In Weight","Completed","Pending","165"
"1776","7/5/2020","5114","Singaraja Ramayanpatti","Sarugupuli 10kgs","20548","D","7000-9000","2134W","65","3790","In Weight","Completed","Pending","569"
"1777","7/5/2020","5115","Ganesan Krishnagiri","Sarugupuli 10kgs","20549","A","5500-7000","1038W","840","8400","In Weight","Completed","Pending","1260"
"1778","8/5/2020","5119","Ganesan Krishnagiri","Sarugupuli 10kgs","20543","C","3500-4000","5443WTOP","170","1700","In Weight","Completed","Pending","255"
"1779","8/5/2020","5120","Javid Trading Company","Sarugupuli 10kgs","20550","C","3500-4000","5443SWTOP","205","2050","In Weight","Completed","Pending","308"
"1780","8/5/2020","5122","Guru Marketing Company","Beens Seed","20551","A","5500-7000","1012S","27","1355","In Weight","Completed","Pending","149"
"1781","5/18/2020","5125","Manjula","Kottaipuli","20552","E","6500-10000","4360,4361 F-2217","524","20100","In Weight","Completed","Pending","2211"
"1782","9/5/2020","5129","Sss Traders New","Sarugupuli 10kgs","20553","B","1500-4000","1056ET","79","790","In Weight","Completed","Fully Paid","119"
"1783","9/5/2020","5126","Ganesan Krishnagiri","Sarugupuli 10kgs","20543","C","3500-4000","5442W,5440TOP","183","1830","In Weight","Completed","Pending","275"
"1784","9/5/2020","5128","Gowri","Kottaipuli","20240","C","3500-4000","3275W","15","945","In Weight","Completed","Pending","104"
"1785","9/5/2020","5131","Siththaraman R","Sarugupuli 10kgs","20554","B","1500-4000","1064E","171","1710","In Weight","Completed","Pending","257"
"1786","11/5/2020","5136","Ganesan Krishnagiri","Sarugupuli 10kgs","20543","A","5500-7000","1053NW","161","1610","In Weight","Completed","Pending","242"
"1787","11/5/2020","5139","Ganesan Krishnagiri","Sarugupuli 10kgs","20555","A","5500-7000","1038NE","257","2570","In Weight","Completed","Pending","386"
"1788","11/5/2020","5142","Kpr & Co","Thosaipuli 40kgs","20556","E","6500-10000","5537E","61","2440","In Weight","Completed","Pending","268"
"1789","11/5/2020","5146","Pandiyan Malaiyur","Sarugupuli 10kgs","20557","A","5500-7000","1053NE","151","1510","In Weight","Completed","Pending","227"
"1790","11/5/2020","5147","Adaikkan Malaiyur","Sarugupuli 10kgs","20558","A","5500-7000","1053SE","141","1410","In Weight","Completed","Pending","212"
"1791","11/5/2020","5148","Nachchan","Sarugupuli 10kgs","20559","A","5500-7000","1053SW","79","790","In Weight","Completed","Pending","119"
"1792","11/5/2020","5149","Sabarishwaran.M","Sarugupuli 10kgs","20560","A","5500-7000","1038SE","228","2280","In Weight","Completed","Pending","342"
"1793","12/5/2020","5150","Kanmohamed","Sarugupuli 10kgs","20562","E","6500-10000","5526E","200","2000","In Weight","Completed","Pending","300"
"1794","12/5/2020","5151","Balagi Traders Dindigul","Sarugupuli 10kgs","20563","E","6500-10000","5537W","214","2140","In Weight","Completed","Pending","321"
"1795","12/5/2020","5152","Sikkanthar.M","Sarugupuli 10kgs","20564","E","6500-10000","5526W","190","1900","In Weight","Completed","Pending","285"
"1796","12/5/2020","5153","Ramasamy.C","Kottaipuli","20561","E","6500-10000","5526W,5537ET","10","550","In Weight","Completed","Pending","61"
"1797","12/5/2020","5154","Ramasamy.C","Sarugupuli 10kgs","20561","E","6500-10000","5526W,5537ET","95","950","In Weight","Completed","Pending","143"
"1798","12/5/2020","5155","Sri Sai Arisimandi","Sarugupuli 10kgs","20565","E","6500-10000","4369NW","238","2380","In Weight","Completed","Pending","357"
"1799","12/5/2020","5158","Thanabalan J","Thosaipuli 50kgs","20566","A","5500-7000","1053T,1038ET","65","3250","In Weight","Completed","Pending","358"
"1800","5/13/2020","5164","Veluchamy Marunuthu","Sarugupuli 10kgs","20567","B","1500-4000","3234TOP","140","1400","In Weight","Completed","Pending","210"
"1801","5/14/2020","5166","Haemkaak Traders","Sarugupuli 10kgs","20568","D","7000-9000","3304N,3309WTOP","278","2780","In Weight","Completed","Pending","417"
"1802","5/14/2020","5171","Guru Marketing Company","Beens Seed","20551","A","5500-7000","1012TOP","11","555","In Weight","Completed","Pending","61"
"1803","5/14/2020","5172","Javid Trading Company","Sarugupuli 10kgs","20569","D","7000-9000","3308TOP","151","1510","In Weight","Completed","Pending","227"
"1804","5/14/2020","5173","Alagar Mv","Sarugupuli 10kgs","20468","C","3500-4000","3316TOP","51","510","In Weight","Completed","Pending","77"
"1805","5/14/2020","5174","Selvam.Mettupatty","Sarugupuli 10kgs","20570","D","7000-9000","3311TOP","24","240","In Weight","Completed","Fully Paid","36"
"1806","5/15/2020","5175","Ganesan Krishnagiri","Sarugupuli 10kgs","20571","E","6500-10000","4330TOP,4329NT","250","2500","In Weight","Completed","Pending","375"
"1807","5/15/2020","5178","Basker","Sarugupuli 10kgs","20514","B","1500-4000","1067ET","58","580","In Weight","Completed","Pending","87"
"1808","5/16/2020","5179","Ganesan Krishnagiri","Sarugupuli 10kgs","20571","D","7000-9000","3307top","200","2000","In Weight","Completed","Pending","300"
"1809","5/16/2020","5185","Sakthivel Ps","Sarugupuli 10kgs","20572","D","7000-9000","3302top","74","740","In Weight","Completed","Pending","111"
"1810","5/16/2020","5186","Siththaraman R","Sarugupuli 10kgs","20573","B","1500-4000","3224TOP","222","2220","In Weight","Completed","Pending","333"
"1811","5/16/2020","5187","Sri Sai Arisimandi","Sarugupuli 10kgs","20574","D","7000-9000","3308SW","115","1150","In Weight","Completed","Pending","173"
"1812","5/16/2020","5188","Subramani Madurai","Sarugupuli 10kgs","20575","A","5500-7000","4403TOP","285","2880","In Weight","Completed","Pending","432"
"1813","5/18/2020","5190","Ganesan Krishnagiri","Sarugupuli 10kgs","20571","E","6500-10000","4346SW","252","2520","In Weight","Completed","Pending","378"
